"text","favorited","favoriteCount","replyToSN","created","truncated","replyToSID","id","replyToUID","statusSource","screenName","retweetCount","isRetweet","retweeted","longitude","latitude"
"1","RT @keepUSinnovativ: #H1BVisa &amp; #STEMOPT #programs help the #US to #HireAmerican #graduates &amp; retain the highly skilled people needed to #kâ€¦",FALSE,0,NA,2018-04-04 20:58:26,FALSE,NA,"981637140546277376",NA,"<a href=\"https://mobile.twitter.com\" rel=\"nofollow\">Twitter Lite</a>","Yogee_007",3,TRUE,FALSE,NA,NA
"2","RT @keepUSinnovativ: #H1BVisa &amp; #STEMOPT #programs help the #US to #HireAmerican #graduates &amp; retain the highly skilled people needed to #kâ€¦",FALSE,0,NA,2018-04-04 20:57:20,FALSE,NA,"981636863290150912",NA,"<a href=\"http://twitter.com\" rel=\"nofollow\">Twitter Web Client</a>","kkunapareddy1",3,TRUE,FALSE,NA,NA
"3","RT @keepUSinnovativ: #H1BVisa &amp; #STEMOPT #programs help the #US to #HireAmerican #graduates &amp; retain the highly skilled people needed to #kâ€¦",FALSE,0,NA,2018-04-04 20:56:22,FALSE,NA,"981636619026407424",NA,"<a href=\"http://twitter.com\" rel=\"nofollow\">Twitter Web Client</a>","priyaursal",3,TRUE,FALSE,NA,NA
"4","#H1BVisa &amp; #STEMOPT #programs help the #US to #HireAmerican #graduates &amp; retain the highly skilled people needed toâ€¦ https://t.co/zsFQQ1wBCG",FALSE,2,NA,2018-04-04 20:08:18,TRUE,NA,"981624521936556032",NA,"<a href=\"http://twitter.com\" rel=\"nofollow\">Twitter Web Client</a>","keepUSinnovativ",3,FALSE,FALSE,NA,NA
"5","RT @NumbersUSA: ICYMI -- MPI Study: Three times more H-1B visas were issued in FY 2016 than the annual cap of 85,000 due to approval of petâ€¦",FALSE,0,NA,2018-04-04 19:31:15,FALSE,NA,"981615198883794945",NA,"<a href=\"http://twitter.com/#!/download/ipad\" rel=\"nofollow\">Twitter for iPad</a>","kwteaparty",28,TRUE,FALSE,NA,NA
"6","RT @NumbersUSA: ICYMI -- MPI Study: Three times more H-1B visas were issued in FY 2016 than the annual cap of 85,000 due to approval of petâ€¦",FALSE,0,NA,2018-04-04 19:28:37,FALSE,NA,"981614534384234496",NA,"<a href=\"http://twitter.com/download/iphone\" rel=\"nofollow\">Twitter for iPhone</a>","Richard3Donald",28,TRUE,FALSE,NA,NA
"7","RT @NumbersUSA: ICYMI -- MPI Study: Three times more H-1B visas were issued in FY 2016 than the annual cap of 85,000 due to approval of petâ€¦",FALSE,0,NA,2018-04-04 18:33:58,FALSE,NA,"981600781940871168",NA,"<a href=\"http://twitter.com/download/android\" rel=\"nofollow\">Twitter for Android</a>","funEbone2u",28,TRUE,FALSE,NA,NA
"8","RT @NumbersUSA: ICYMI -- MPI Study: Three times more H-1B visas were issued in FY 2016 than the annual cap of 85,000 due to approval of petâ€¦",FALSE,0,NA,2018-04-04 17:04:01,FALSE,NA,"981578146917986304",NA,"<a href=\"http://twitter.com\" rel=\"nofollow\">Twitter Web Client</a>","ElenaHaskins",28,TRUE,FALSE,NA,NA
"9","RT @kkunapareddy1: Seriously? In spite of all these reports, high skilled immigrants currently are put in so much pain with #H1BVisa renewaâ€¦",FALSE,0,NA,2018-04-04 16:58:43,FALSE,NA,"981576813674618880",NA,"<a href=\"http://twitter.com\" rel=\"nofollow\">Twitter Web Client</a>","priyaursal",25,TRUE,FALSE,NA,NA
"10","RT @doug_rand: The #H1BVisa is backwards: ideas from academics, lawmakers, and me on how to (some day) reform the high-skill #immigration sâ€¦",FALSE,0,NA,2018-04-04 16:56:38,FALSE,NA,"981576289696980992",NA,"<a href=\"http://twitter.com\" rel=\"nofollow\">Twitter Web Client</a>","priyaursal",15,TRUE,FALSE,NA,NA
"11","Want more chances getting an H1b visa this year? Ask multiple employers to submit an #H1b visa request for you |â€¦ https://t.co/TIZAUTkpuA",FALSE,0,NA,2018-04-04 16:30:07,TRUE,NA,"981569616160940032",NA,"<a href=\"https://ifttt.com\" rel=\"nofollow\">IFTTT</a>","immigrationvisa",0,FALSE,FALSE,NA,NA
"12","Good luck with that... í ¾í´£ #HumpdayHumor 

#merica #murica #Immigration #Immigrant #Immigrants #DACA #Dreamersâ€¦ https://t.co/D0yD9Tgrvj",FALSE,0,NA,2018-04-04 16:27:17,TRUE,NA,"981568902437236737",NA,"<a href=\"http://twitter.com\" rel=\"nofollow\">Twitter Web Client</a>","BGBIMMIGRATION",0,FALSE,FALSE,NA,NA
"13","#Colorado: How to Navigate the New #H1BVisa Program https://t.co/tZb4JNWfzJ @ColoradoBizMag",FALSE,0,NA,2018-04-04 15:54:59,FALSE,NA,"981560773800595456",NA,"<a href=\"http://www.hootsuite.com\" rel=\"nofollow\">Hootsuite</a>","LangAllanCPA",0,FALSE,FALSE,NA,NA
"14","Drum roll. Surprise #SiliconValley is #5.  | The cities with the most #H1Bvisa workers https://t.co/dYDsQvgtTI",FALSE,0,NA,2018-04-04 15:41:23,FALSE,NA,"981557352439545857",NA,"<a href=\"http://twitter.com\" rel=\"nofollow\">Twitter Web Client</a>","sewrighter",0,FALSE,FALSE,NA,NA
"15","RT @NumbersUSA: MPI Study: Three times more H-1B visas were issued in FY 2016 than the annual cap of 85,000 due to approval of petitions frâ€¦",FALSE,0,NA,2018-04-04 11:58:19,FALSE,NA,"981501215174520833",NA,"<a href=\"http://twitter.com/download/android\" rel=\"nofollow\">Twitter for Android</a>","sandrajdayton",41,TRUE,FALSE,NA,NA
"16","RT @NumbersUSA: Recent MPI Study reveals that \"the number of H-1B visas issued in fiscal year 2016 exceeded the cap of 85,000 by about threâ€¦",FALSE,0,NA,2018-04-04 11:46:14,FALSE,NA,"981498174656393217",NA,"<a href=\"https://mobile.twitter.com\" rel=\"nofollow\">Twitter Lite</a>","katiecgoldsmith",35,TRUE,FALSE,NA,NA
"17","RT @doug_rand: The #H1BVisa is backwards: ideas from academics, lawmakers, and me on how to (some day) reform the high-skill #immigration sâ€¦",FALSE,0,NA,2018-04-04 11:43:50,FALSE,NA,"981497570055901184",NA,"<a href=\"http://twitter.com/download/iphone\" rel=\"nofollow\">Twitter for iPhone</a>","Shikha94662622",15,TRUE,FALSE,NA,NA
"18","https://t.co/BU3Txz9oqW  #www.amplifysystems.com #H4EAD #GC-EAD #GreenCard  #USCitizens #OPT-EAD #TN-VISA #h1bvisaâ€¦ https://t.co/dC5bZLUymL",FALSE,0,NA,2018-04-04 04:56:49,TRUE,NA,"981395140861448193",NA,"<a href=\"http://twitter.com\" rel=\"nofollow\">Twitter Web Client</a>","Amplifysystem",0,FALSE,FALSE,NA,NA
"19","RT @NumbersUSA: ICYMI -- MPI Study: Three times more H-1B visas were issued in FY 2016 than the annual cap of 85,000 due to approval of petâ€¦",FALSE,0,NA,2018-04-04 02:45:32,FALSE,NA,"981362100298833922",NA,"<a href=\"https://mobile.twitter.com\" rel=\"nofollow\">Twitter Lite</a>","Schweezland1",28,TRUE,FALSE,NA,NA
"20","RT @vamsiv58: Please cosponsor #S281 @RonWyden  @SenJeffMerkley 

This bill helps clearing #GCBacklog 
and gives hope to hardworking #h1bviâ€¦",FALSE,0,NA,2018-04-04 02:25:08,FALSE,NA,"981356968777457664",NA,"<a href=\"http://twitter.com/download/android\" rel=\"nofollow\">Twitter for Android</a>","priyaursal",48,TRUE,FALSE,NA,NA
"21","RT @doug_rand: The #H1BVisa is backwards: ideas from academics, lawmakers, and me on how to (some day) reform the high-skill #immigration sâ€¦",FALSE,0,NA,2018-04-04 02:10:20,FALSE,NA,"981353243572883457",NA,"<a href=\"http://twitter.com/download/android\" rel=\"nofollow\">Twitter for Android</a>","siddesai85",15,TRUE,FALSE,NA,NA
"22","RT @NumbersUSA: MPI Study: Three times more H-1B visas were issued in FY 2016 than the annual cap of 85,000 due to approval of petitions frâ€¦",FALSE,0,NA,2018-04-04 01:16:05,FALSE,NA,"981339590069051392",NA,"<a href=\"http://twitter.com\" rel=\"nofollow\">Twitter Web Client</a>","jonny_bratwurst",41,TRUE,FALSE,NA,NA
"23","RT @NumbersUSA: ICYMI -- MPI Study: Three times more H-1B visas were issued in FY 2016 than the annual cap of 85,000 due to approval of petâ€¦",FALSE,0,NA,2018-04-04 01:14:43,FALSE,NA,"981339245498396673",NA,"<a href=\"http://twitter.com/download/android\" rel=\"nofollow\">Twitter for Android</a>","Fred8835Fred",28,TRUE,FALSE,NA,NA
"24","RT @NumbersUSA: ICYMI -- MPI Study: Three times more H-1B visas were issued in FY 2016 than the annual cap of 85,000 due to approval of petâ€¦",FALSE,0,NA,2018-04-04 00:45:01,FALSE,NA,"981331770783256576",NA,"<a href=\"http://twitter.com/download/iphone\" rel=\"nofollow\">Twitter for iPhone</a>","lyndaloo222",28,TRUE,FALSE,NA,NA
"25","Will #H1BVisa changes push tech jobs out of the US? https://t.co/jPfa5etJem",FALSE,0,NA,2018-04-04 00:32:00,FALSE,NA,"981328496168349696",NA,"<a href=\"https://about.twitter.com/products/tweetdeck\" rel=\"nofollow\">TweetDeck</a>","CIOdive",0,FALSE,FALSE,NA,NA
"26","RT @OTwit365: #NoH1B #STOPH1B #H1BVisa #h1b https://t.co/d8IGBhUXkB",FALSE,0,NA,2018-04-04 00:16:28,FALSE,NA,"981324589006573568",NA,"<a href=\"http://twitter.com/download/iphone\" rel=\"nofollow\">Twitter for iPhone</a>","SagarYogendra",2,TRUE,FALSE,NA,NA
"27","RT @NumbersUSA: MPI Study: Three times more H-1B visas were issued in FY 2016 than the annual cap of 85,000 due to approval of petitions frâ€¦",FALSE,0,NA,2018-04-04 00:01:32,FALSE,NA,"981320827965669377",NA,"<a href=\"http://twitter.com/download/iphone\" rel=\"nofollow\">Twitter for iPhone</a>","Patriot_Girl_TX",41,TRUE,FALSE,NA,NA
"28","RT @NumbersUSA: ICYMI -- MPI Study: Three times more H-1B visas were issued in FY 2016 than the annual cap of 85,000 due to approval of petâ€¦",FALSE,0,NA,2018-04-03 23:57:15,FALSE,NA,"981319751732551680",NA,"<a href=\"http://twitter.com/download/iphone\" rel=\"nofollow\">Twitter for iPhone</a>","Patriot_Girl_TX",28,TRUE,FALSE,NA,NA
"29","RT @doug_rand: The #H1BVisa is backwards: ideas from academics, lawmakers, and me on how to (some day) reform the high-skill #immigration sâ€¦",FALSE,0,NA,2018-04-03 23:48:32,FALSE,NA,"981317556605775872",NA,"<a href=\"http://twitter.com/download/iphone\" rel=\"nofollow\">Twitter for iPhone</a>","sudiptoimpmail",15,TRUE,FALSE,NA,NA
"30","RT @OTwit365: #NoH1B #STOPH1B #H1BVisa #h1b https://t.co/d8IGBhUXkB",FALSE,0,NA,2018-04-03 23:46:39,FALSE,NA,"981317082221563904",NA,"<a href=\"http://twitter.com/download/android\" rel=\"nofollow\">Twitter for Android</a>","testtweeter010",2,TRUE,FALSE,NA,NA
"31","RT @NumbersUSA: MPI Study: Three times more H-1B visas were issued in FY 2016 than the annual cap of 85,000 due to approval of petitions frâ€¦",FALSE,0,NA,2018-04-03 23:39:28,FALSE,NA,"981315274279456768",NA,"<a href=\"http://twitter.com/download/iphone\" rel=\"nofollow\">Twitter for iPhone</a>","mmmmmmmmdu",41,TRUE,FALSE,NA,NA
"32","H1B visa time again? time to call immigration attorney Nelisse to ask about new I-129 fees https://t.co/75jKmz7jKMâ€¦ https://t.co/JxnsSO3YIE",FALSE,4,NA,2018-04-03 23:30:14,TRUE,NA,"981312953545887744",NA,"<a href=\"https://ifttt.com\" rel=\"nofollow\">IFTTT</a>","immigrationvisa",0,FALSE,FALSE,NA,NA
"33","RT @kkunapareddy1: Seriously? In spite of all these reports, high skilled immigrants currently are put in so much pain with #H1BVisa renewaâ€¦",FALSE,0,NA,2018-04-03 23:20:21,FALSE,NA,"981310466990407681",NA,"<a href=\"http://twitter.com/download/iphone\" rel=\"nofollow\">Twitter for iPhone</a>","TBaishali",25,TRUE,FALSE,NA,NA
"34","RT @h4visaacurse: Luring foreign students on the name of finest education and #H1Bvisa, which takes 70 years for a  #GreenCard to arrive í ½í¸•Yâ€¦",FALSE,0,NA,2018-04-03 23:17:01,FALSE,NA,"981309626317619201",NA,"<a href=\"http://twitter.com/download/android\" rel=\"nofollow\">Twitter for Android</a>","priyaursal",167,TRUE,FALSE,NA,NA
"35","RT @NumbersUSA: ICYMI -- MPI Study: Three times more H-1B visas were issued in FY 2016 than the annual cap of 85,000 due to approval of petâ€¦",FALSE,0,NA,2018-04-03 22:57:41,FALSE,NA,"981304763059965954",NA,"<a href=\"http://twitter.com\" rel=\"nofollow\">Twitter Web Client</a>","Tare1935",28,TRUE,FALSE,NA,NA
"36","RT @NumbersUSA: ICYMI -- MPI Study: Three times more H-1B visas were issued in FY 2016 than the annual cap of 85,000 due to approval of petâ€¦",FALSE,0,NA,2018-04-03 22:53:43,FALSE,NA,"981303762496245760",NA,"<a href=\"http://twitter.com/#!/download/ipad\" rel=\"nofollow\">Twitter for iPad</a>","JudyEads3",28,TRUE,FALSE,NA,NA
"37","RT @NumbersUSA: ICYMI -- MPI Study: Three times more H-1B visas were issued in FY 2016 than the annual cap of 85,000 due to approval of petâ€¦",FALSE,0,NA,2018-04-03 22:39:11,FALSE,NA,"981300105390239744",NA,"<a href=\"http://twitter.com/#!/download/ipad\" rel=\"nofollow\">Twitter for iPad</a>","noel_lapointe",28,TRUE,FALSE,NA,NA
"38","NYC, Dallas and DC were the biggest recipients of #H1Bvisa approvals. https://t.co/qwpMfLB1bY",FALSE,0,NA,2018-04-03 22:29:00,FALSE,NA,"981297542167080960",NA,"<a href=\"https://about.twitter.com/products/tweetdeck\" rel=\"nofollow\">TweetDeck</a>","CIOdive",0,FALSE,FALSE,NA,NA
"39","RT @NumbersUSA: ICYMI -- MPI Study: Three times more H-1B visas were issued in FY 2016 than the annual cap of 85,000 due to approval of petâ€¦",FALSE,0,NA,2018-04-03 22:23:48,FALSE,NA,"981296235771445248",NA,"<a href=\"http://twitter.com\" rel=\"nofollow\">Twitter Web Client</a>","cdhovey5",28,TRUE,FALSE,NA,NA
"40","RT @NumbersUSA: ICYMI -- MPI Study: Three times more H-1B visas were issued in FY 2016 than the annual cap of 85,000 due to approval of petâ€¦",FALSE,0,NA,2018-04-03 22:21:27,FALSE,NA,"981295641136594945",NA,"<a href=\"http://twitter.com/download/iphone\" rel=\"nofollow\">Twitter for iPhone</a>","jloh001",28,TRUE,FALSE,NA,NA
"41","RT @FWD_us: Better Immigration Policies Would Help U.S. Tech Companies #H1B #H1BVisa #withimmigrants https://t.co/YvoWpi5t7O",FALSE,0,NA,2018-04-03 22:15:05,FALSE,NA,"981294041517182981",NA,"<a href=\"http://www.hootsuite.com\" rel=\"nofollow\">Hootsuite</a>","CitizenPath",0,FALSE,FALSE,NA,NA
"42","RT @klugfirm: Excellent piece about reforms needed to business immigration by former Counselor to the Commissioner at the Immigration and Nâ€¦",FALSE,0,NA,2018-04-03 22:02:49,FALSE,NA,"981290953066668033",NA,"<a href=\"http://twitter.com/download/iphone\" rel=\"nofollow\">Twitter for iPhone</a>","NoahKlug",1,TRUE,FALSE,NA,NA
"43","Excellent piece about reforms needed to business immigration by former Counselor to the Commissioner at the Immigraâ€¦ https://t.co/mOYPgfOCJ3",FALSE,1,NA,2018-04-03 22:01:22,TRUE,NA,"981290587797295104",NA,"<a href=\"http://twitter.com\" rel=\"nofollow\">Twitter Web Client</a>","klugfirm",1,FALSE,FALSE,NA,NA
"44","RT @NumbersUSA: ICYMI -- MPI Study: Three times more H-1B visas were issued in FY 2016 than the annual cap of 85,000 due to approval of petâ€¦",FALSE,0,NA,2018-04-03 21:57:38,FALSE,NA,"981289650827464704",NA,"<a href=\"http://twitter.com/download/iphone\" rel=\"nofollow\">Twitter for iPhone</a>","OCAmericans",28,TRUE,FALSE,NA,NA
"45","RT @NumbersUSA: ICYMI -- MPI Study: Three times more H-1B visas were issued in FY 2016 than the annual cap of 85,000 due to approval of petâ€¦",FALSE,0,NA,2018-04-03 21:56:42,FALSE,NA,"981289415837474823",NA,"<a href=\"http://twitter.com/download/iphone\" rel=\"nofollow\">Twitter for iPhone</a>","MAGA_Patriot293",28,TRUE,FALSE,NA,NA
"46","RT @NumbersUSA: ICYMI -- MPI Study: Three times more H-1B visas were issued in FY 2016 than the annual cap of 85,000 due to approval of petâ€¦",FALSE,0,NA,2018-04-03 21:51:02,FALSE,NA,"981287988486287360",NA,"<a href=\"http://twitter.com/download/iphone\" rel=\"nofollow\">Twitter for iPhone</a>","JuneSmith888",28,TRUE,FALSE,NA,NA
"47","RT @NumbersUSA: ICYMI -- MPI Study: Three times more H-1B visas were issued in FY 2016 than the annual cap of 85,000 due to approval of petâ€¦",FALSE,0,NA,2018-04-03 21:50:29,FALSE,NA,"981287847985602560",NA,"<a href=\"http://twitter.com/download/iphone\" rel=\"nofollow\">Twitter for iPhone</a>","joshdrake777",28,TRUE,FALSE,NA,NA
"48","RT @NumbersUSA: ICYMI -- MPI Study: Three times more H-1B visas were issued in FY 2016 than the annual cap of 85,000 due to approval of petâ€¦",FALSE,0,NA,2018-04-03 21:47:05,FALSE,NA,"981286995128238081",NA,"<a href=\"http://twitter.com/download/iphone\" rel=\"nofollow\">Twitter for iPhone</a>","Piphogs",28,TRUE,FALSE,NA,NA
"49","RT @NumbersUSA: ICYMI -- MPI Study: Three times more H-1B visas were issued in FY 2016 than the annual cap of 85,000 due to approval of petâ€¦",FALSE,0,NA,2018-04-03 21:44:55,FALSE,NA,"981286448103067648",NA,"<a href=\"http://twitter.com/download/iphone\" rel=\"nofollow\">Twitter for iPhone</a>","Dialmond",28,TRUE,FALSE,NA,NA
"50","RT @NumbersUSA: ICYMI -- MPI Study: Three times more H-1B visas were issued in FY 2016 than the annual cap of 85,000 due to approval of petâ€¦",FALSE,0,NA,2018-04-03 21:43:25,FALSE,NA,"981286072268177408",NA,"<a href=\"http://twitter.com/download/iphone\" rel=\"nofollow\">Twitter for iPhone</a>","FieldRoamer",28,TRUE,FALSE,NA,NA
"51","RT @NumbersUSA: ICYMI -- MPI Study: Three times more H-1B visas were issued in FY 2016 than the annual cap of 85,000 due to approval of petâ€¦",FALSE,0,NA,2018-04-03 21:34:59,FALSE,NA,"981283949144981504",NA,"<a href=\"http://twitter.com\" rel=\"nofollow\">Twitter Web Client</a>","rhhhhh380",28,TRUE,FALSE,NA,NA
"52","ICYMI -- MPI Study: Three times more H-1B visas were issued in FY 2016 than the annual cap of 85,000 due to approvaâ€¦ https://t.co/tfpkQuBCbY",FALSE,28,NA,2018-04-03 21:30:00,TRUE,NA,"981282695572574209",NA,"<a href=\"https://about.twitter.com/products/tweetdeck\" rel=\"nofollow\">TweetDeck</a>","NumbersUSA",28,FALSE,FALSE,NA,NA
"53","#NoH1B #STOPH1B #H1BVisa #h1b https://t.co/d8IGBhUXkB",FALSE,1,NA,2018-04-03 21:20:35,FALSE,NA,"981280323672698880",NA,"<a href=\"http://twitter.com/download/iphone\" rel=\"nofollow\">Twitter for iPhone</a>","OTwit365",2,FALSE,FALSE,NA,NA
"54","RT @H1bGyan: Not just Indians #H4Dreamers #h1bvisa https://t.co/ofuLNbeMVY",FALSE,0,NA,2018-04-03 19:38:27,FALSE,NA,"981254622831558656",NA,"<a href=\"http://twitter.com/download/android\" rel=\"nofollow\">Twitter for Android</a>","priyaursal",19,TRUE,FALSE,NA,NA
"55","Tech companies have largely expressed concern over #H1Bvisa changes, but where do they go from here? https://t.co/jPfa5eLkCW",FALSE,0,NA,2018-04-03 19:27:00,FALSE,NA,"981251740564586496",NA,"<a href=\"https://about.twitter.com/products/tweetdeck\" rel=\"nofollow\">TweetDeck</a>","CIOdive",0,FALSE,FALSE,NA,NA
"56","RT @kkunapareddy1: Seriously? In spite of all these reports, high skilled immigrants currently are put in so much pain with #H1BVisa renewaâ€¦",FALSE,0,NA,2018-04-03 19:14:34,FALSE,NA,"981248611714568192",NA,"<a href=\"http://twitter.com/download/iphone\" rel=\"nofollow\">Twitter for iPhone</a>","yash3006",25,TRUE,FALSE,NA,NA
"57","RT @kkunapareddy1: Seriously? In spite of all these reports, high skilled immigrants currently are put in so much pain with #H1BVisa renewaâ€¦",FALSE,0,NA,2018-04-03 18:48:26,FALSE,NA,"981242036429971457",NA,"<a href=\"http://twitter.com/download/android\" rel=\"nofollow\">Twitter for Android</a>","kjagadevan",25,TRUE,FALSE,NA,NA
"58","RT @doug_rand: The #H1BVisa is backwards: ideas from academics, lawmakers, and me on how to (some day) reform the high-skill #immigration sâ€¦",FALSE,0,NA,2018-04-03 18:37:15,FALSE,NA,"981239220378456064",NA,"<a href=\"http://twitter.com\" rel=\"nofollow\">Twitter Web Client</a>","kkunapareddy1",15,TRUE,FALSE,NA,NA
"59","RT @doug_rand: The #H1BVisa is backwards: ideas from academics, lawmakers, and me on how to (some day) reform the high-skill #immigration sâ€¦",FALSE,0,NA,2018-04-03 18:30:08,FALSE,NA,"981237428823445504",NA,"<a href=\"http://twitter.com/download/iphone\" rel=\"nofollow\">Twitter for iPhone</a>","needagcfast",15,TRUE,FALSE,NA,NA
"60","RT @doug_rand: The #H1BVisa is backwards: ideas from academics, lawmakers, and me on how to (some day) reform the high-skill #immigration sâ€¦",FALSE,0,NA,2018-04-03 18:24:49,FALSE,NA,"981236091813588993",NA,"<a href=\"http://twitter.com/download/android\" rel=\"nofollow\">Twitter for Android</a>","Sunil07643",15,TRUE,FALSE,NA,NA
"61","RT @doug_rand: The #H1BVisa is backwards: ideas from academics, lawmakers, and me on how to (some day) reform the high-skill #immigration sâ€¦",FALSE,0,NA,2018-04-03 17:57:28,FALSE,NA,"981229210592301058",NA,"<a href=\"http://twitter.com/download/iphone\" rel=\"nofollow\">Twitter for iPhone</a>","sudsravi",15,TRUE,FALSE,NA,NA
"62","RT @doug_rand: The #H1BVisa is backwards: ideas from academics, lawmakers, and me on how to (some day) reform the high-skill #immigration sâ€¦",FALSE,0,NA,2018-04-03 17:41:02,FALSE,NA,"981225074542960640",NA,"<a href=\"http://twitter.com/download/iphone\" rel=\"nofollow\">Twitter for iPhone</a>","gsiskind",15,TRUE,FALSE,NA,NA
"63","RT @NumbersUSA: MPI Study: Three times more H-1B visas were issued in FY 2016 than the annual cap of 85,000 due to approval of petitions frâ€¦",FALSE,0,NA,2018-04-03 17:19:43,FALSE,NA,"981219710627958784",NA,"<a href=\"http://twitter.com\" rel=\"nofollow\">Twitter Web Client</a>","nomoreamnesty",41,TRUE,FALSE,NA,NA
"64","#Techies, #CIOs Prepare for Scrutiny as #H1BVisa Process Commences https://t.co/ACQlGJDMBi https://t.co/yCyZkDdwq3",FALSE,0,NA,2018-04-03 17:04:02,FALSE,NA,"981215760591851526",NA,"<a href=\"http://bufferapp.com\" rel=\"nofollow\">Buffer</a>","move2thecloud",0,FALSE,FALSE,NA,NA
"65","RT @doug_rand: The #H1BVisa is backwards: ideas from academics, lawmakers, and me on how to (some day) reform the high-skill #immigration sâ€¦",FALSE,0,NA,2018-04-03 16:41:34,FALSE,NA,"981210109563912193",NA,"<a href=\"http://twitter.com/download/android\" rel=\"nofollow\">Twitter for Android</a>","priyaursal",15,TRUE,FALSE,NA,NA
"66","Want more chances getting an H1b visa this year? Ask multiple employers to submit an #H1b visa request for you |â€¦ https://t.co/kgoFdI3wbQ",FALSE,0,NA,2018-04-03 16:30:21,TRUE,NA,"981207285287604225",NA,"<a href=\"https://ifttt.com\" rel=\"nofollow\">IFTTT</a>","immigrationvisa",0,FALSE,FALSE,NA,NA
"67","The NYC metro area received 29% of visa approvals from 2010-2016. #H1Bvisa https://t.co/qwpMfLB1bY",FALSE,0,NA,2018-04-03 16:27:00,FALSE,NA,"981206442748272640",NA,"<a href=\"https://about.twitter.com/products/tweetdeck\" rel=\"nofollow\">TweetDeck</a>","CIOdive",0,FALSE,FALSE,NA,NA
"68","RT @kkunapareddy1: Seriously? In spite of all these reports, high skilled immigrants currently are put in so much pain with #H1BVisa renewaâ€¦",FALSE,0,NA,2018-04-03 15:17:04,FALSE,NA,"981188841557123073",NA,"<a href=\"http://twitter.com\" rel=\"nofollow\">Twitter Web Client</a>","totriptig",25,TRUE,FALSE,NA,NA
"69","The #H1BVisa has plenty of qualities that make it the most popular employment-based visa in the U.S., but is it theâ€¦ https://t.co/X4U8Gn9rs5",FALSE,0,NA,2018-04-03 15:09:13,TRUE,NA,"981186869667991552",NA,"<a href=\"http://www.hubspot.com/\" rel=\"nofollow\">HubSpot</a>","envoyglobal",0,FALSE,FALSE,NA,NA
"70","RT @OTwit365: #USCIS Here is a #H1Bvisa fraud mill lead. Adept Computer Consultants Inc in Irving,TX.Thy holds/process #H1B &amp; #LCA 4 $ frmâ€¦",FALSE,0,NA,2018-04-03 14:46:11,FALSE,NA,"981181069889175552",NA,"<a href=\"http://twitter.com\" rel=\"nofollow\">Twitter Web Client</a>","Sheppard578",16,TRUE,FALSE,NA,NA
"71","RT @OTwit365: #USCIS Here is a #H1Bvisa fraud mill lead. Adept Computer Consultants Inc in Irving,TX.Thy holds/process #H1B &amp; #LCA 4 $ frmâ€¦",FALSE,0,NA,2018-04-03 14:41:41,FALSE,NA,"981179937766952961",NA,"<a href=\"http://twitter.com/download/android\" rel=\"nofollow\">Twitter for Android</a>","Success87473781",16,TRUE,FALSE,NA,NA
"72","RT @NumbersUSA: MPI Study: Three times more H-1B visas were issued in FY 2016 than the annual cap of 85,000 due to approval of petitions frâ€¦",FALSE,0,NA,2018-04-03 14:30:18,FALSE,NA,"981177075506778112",NA,"<a href=\"http://twitter.com/download/iphone\" rel=\"nofollow\">Twitter for iPhone</a>","PunkiBrenda",41,TRUE,FALSE,NA,NA
"73","RT @NumbersUSA: MPI Study: Three times more H-1B visas were issued in FY 2016 than the annual cap of 85,000 due to approval of petitions frâ€¦",FALSE,0,NA,2018-04-03 14:29:37,FALSE,NA,"981176900897849344",NA,"<a href=\"http://twitter.com\" rel=\"nofollow\">Twitter Web Client</a>","MaplesKay",41,TRUE,FALSE,NA,NA
"74","RT @doug_rand: The #H1BVisa is backwards: ideas from academics, lawmakers, and me on how to (some day) reform the high-skill #immigration sâ€¦",FALSE,0,NA,2018-04-03 14:17:42,FALSE,NA,"981173905028087809",NA,"<a href=\"http://twitter.com/download/iphone\" rel=\"nofollow\">Twitter for iPhone</a>","kanudhiman",15,TRUE,FALSE,NA,NA
"75","RT @NumbersUSA: MPI Study: Three times more H-1B visas were issued in FY 2016 than the annual cap of 85,000 due to approval of petitions frâ€¦",FALSE,0,NA,2018-04-03 13:46:40,FALSE,NA,"981166093745164288",NA,"<a href=\"http://twitter.com/download/android\" rel=\"nofollow\">Twitter for Android</a>","chubbyslowkid",41,TRUE,FALSE,NA,NA
"76","RT @NumbersUSA: MPI Study: Three times more H-1B visas were issued in FY 2016 than the annual cap of 85,000 due to approval of petitions frâ€¦",FALSE,0,NA,2018-04-03 13:43:13,FALSE,NA,"981165226933579776",NA,"<a href=\"http://twitter.com\" rel=\"nofollow\">Twitter Web Client</a>","oak523",41,TRUE,FALSE,NA,NA
"77","The #H1BVisa is backwards: ideas from academics, lawmakers, and me on how to (some day) reform the high-skillâ€¦ https://t.co/zgUrA3XWwM",FALSE,15,NA,2018-04-03 13:21:16,TRUE,NA,"981159702657630208",NA,"<a href=\"http://twitter.com\" rel=\"nofollow\">Twitter Web Client</a>","doug_rand",15,FALSE,FALSE,NA,NA
"78","RT @NumbersUSA: MPI Study: Three times more H-1B visas were issued in FY 2016 than the annual cap of 85,000 due to approval of petitions frâ€¦",FALSE,0,NA,2018-04-03 12:23:44,FALSE,NA,"981145220724207616",NA,"<a href=\"http://twitter.com\" rel=\"nofollow\">Twitter Web Client</a>","Glaivester",41,TRUE,FALSE,NA,NA
"79","RT @NumbersUSA: MPI Study: Three times more H-1B visas were issued in FY 2016 than the annual cap of 85,000 due to approval of petitions frâ€¦",FALSE,0,NA,2018-04-03 11:59:21,FALSE,NA,"981139087095681024",NA,"<a href=\"https://mobile.twitter.com\" rel=\"nofollow\">Twitter Lite</a>","Schweezland1",41,TRUE,FALSE,NA,NA
"80","RT @kkunapareddy1: Seriously? In spite of all these reports, high skilled immigrants currently are put in so much pain with #H1BVisa renewaâ€¦",FALSE,0,NA,2018-04-03 11:23:21,FALSE,NA,"981130028464459776",NA,"<a href=\"http://twitter.com/download/android\" rel=\"nofollow\">Twitter for Android</a>","lpyella",25,TRUE,FALSE,NA,NA
"81","RT @arun4friends: #H1B genie out. Would be interesting to know how many #H4EAD go back to safer #H1BVisa route. #h1b2018 #USCIS #TrumpEffect",FALSE,0,NA,2018-04-03 10:32:33,FALSE,NA,"981117241952436225",NA,"<a href=\"http://twitter.com/download/iphone\" rel=\"nofollow\">Twitter for iPhone</a>","VamsiKr84647423",1,TRUE,FALSE,NA,NA
"82","RT @NumbersUSA: MPI Study: Three times more H-1B visas were issued in FY 2016 than the annual cap of 85,000 due to approval of petitions frâ€¦",FALSE,0,NA,2018-04-03 09:56:37,FALSE,NA,"981108199611809792",NA,"<a href=\"http://twitter.com/download/android\" rel=\"nofollow\">Twitter for Android</a>","ClaudeLelay",41,TRUE,FALSE,NA,NA
"83","#H1B genie out. Would be interesting to know how many #H4EAD go back to safer #H1BVisa route. #h1b2018 #USCIS #TrumpEffect",FALSE,0,NA,2018-04-03 09:44:56,FALSE,NA,"981105259757088770",NA,"<a href=\"http://twitter.com\" rel=\"nofollow\">Twitter Web Client</a>","arun4friends",1,FALSE,FALSE,NA,NA
"84","RT @NumbersUSA: MPI Study: Three times more H-1B visas were issued in FY 2016 than the annual cap of 85,000 due to approval of petitions frâ€¦",FALSE,0,NA,2018-04-03 09:38:28,FALSE,NA,"981103631540867072",NA,"<a href=\"http://twitter.com/download/iphone\" rel=\"nofollow\">Twitter for iPhone</a>","soonerdave84",41,TRUE,FALSE,NA,NA
"85","@realDonaldTrump @POTUS U just gave away 85000 #H1BVisa to cheap labor providers like #India 2 Nd time since u promâ€¦ https://t.co/kYQHJfDolZ",FALSE,0,"realDonaldTrump",2018-04-03 07:13:27,TRUE,"980964100502118400","981067138705362945","25073877","<a href=\"http://twitter.com/download/iphone\" rel=\"nofollow\">Twitter for iPhone</a>","captainusa786",0,FALSE,FALSE,NA,NA
"86","RT @kkunapareddy1: Seriously? In spite of all these reports, high skilled immigrants currently are put in so much pain with #H1BVisa renewaâ€¦",FALSE,0,NA,2018-04-03 06:40:43,FALSE,NA,"981058899158581248",NA,"<a href=\"http://twitter.com/download/android\" rel=\"nofollow\">Twitter for Android</a>","SandeepLohani1",25,TRUE,FALSE,NA,NA
"87","https://t.co/BU3TxyRN2m  #www.amplifysystems.com #H4EAD #GC-EAD #GreenCard #USCitizens #OPT-EAD #TN-VISA #h1bvisaâ€¦ https://t.co/t1LcazdHeE",FALSE,0,NA,2018-04-03 05:27:59,TRUE,NA,"981040594083434496",NA,"<a href=\"http://twitter.com\" rel=\"nofollow\">Twitter Web Client</a>","Amplifysystem",0,FALSE,FALSE,NA,NA
"88","RT @OTwit365: #USCIS Here is a #H1Bvisa fraud mill lead. Adept Computer Consultants Inc in Irving,TX.Thy holds/process #H1B &amp; #LCA 4 $ frmâ€¦",FALSE,0,NA,2018-04-03 04:57:29,FALSE,NA,"981032921153851392",NA,"<a href=\"https://about.twitter.com/products/tweetdeck\" rel=\"nofollow\">TweetDeck</a>","niknikMoore",16,TRUE,FALSE,NA,NA
"89","RT @kkunapareddy1: Seriously? In spite of all these reports, high skilled immigrants currently are put in so much pain with #H1BVisa renewaâ€¦",FALSE,0,NA,2018-04-03 04:57:29,FALSE,NA,"981032919589367808",NA,"<a href=\"http://twitter.com/download/iphone\" rel=\"nofollow\">Twitter for iPhone</a>","iamhr392",25,TRUE,FALSE,NA,NA
"90","RT @NumbersUSA: MPI Study: Three times more H-1B visas were issued in FY 2016 than the annual cap of 85,000 due to approval of petitions frâ€¦",FALSE,0,NA,2018-04-03 04:53:19,FALSE,NA,"981031873240543234",NA,"<a href=\"https://about.twitter.com/products/tweetdeck\" rel=\"nofollow\">TweetDeck</a>","niknikMoore",41,TRUE,FALSE,NA,NA
"91","RT @NumbersUSA: MPI Study: Three times more H-1B visas were issued in FY 2016 than the annual cap of 85,000 due to approval of petitions frâ€¦",FALSE,0,NA,2018-04-03 04:24:33,FALSE,NA,"981024633271984129",NA,"<a href=\"http://twitter.com/download/iphone\" rel=\"nofollow\">Twitter for iPhone</a>","ComplexNumbers1",41,TRUE,FALSE,NA,NA
"92","RT @NumbersUSA: MPI Study: Three times more H-1B visas were issued in FY 2016 than the annual cap of 85,000 due to approval of petitions frâ€¦",FALSE,0,NA,2018-04-03 03:59:21,FALSE,NA,"981018288451878914",NA,"<a href=\"http://twitter.com/#!/download/ipad\" rel=\"nofollow\">Twitter for iPad</a>","FairClaire00",41,TRUE,FALSE,NA,NA
"93","@1rishinfidel @ImmoralReport Think about it lots of techies on #H1BVisa work for #Twitter #Facebook. Non citizens wâ€¦ https://t.co/UxYp5qwp3T",FALSE,1,"1rishinfidel",2018-04-03 03:40:00,TRUE,"981010725144440832","981013420588896256","763402590583332865","<a href=\"http://twitter.com/download/iphone\" rel=\"nofollow\">Twitter for iPhone</a>","whythetruth",0,FALSE,FALSE,NA,NA
"94","RT @NumbersUSA: MPI Study: Three times more H-1B visas were issued in FY 2016 than the annual cap of 85,000 due to approval of petitions frâ€¦",FALSE,0,NA,2018-04-03 03:01:27,FALSE,NA,"981003718756847618",NA,"<a href=\"http://twitter.com/download/iphone\" rel=\"nofollow\">Twitter for iPhone</a>","AALIVESMATTER",41,TRUE,FALSE,NA,NA
"95","RT @NumbersUSA: MPI Study: Three times more H-1B visas were issued in FY 2016 than the annual cap of 85,000 due to approval of petitions frâ€¦",FALSE,0,NA,2018-04-03 02:59:46,FALSE,NA,"981003297594032129",NA,"<a href=\"http://twitter.com\" rel=\"nofollow\">Twitter Web Client</a>","ElenaHaskins",41,TRUE,FALSE,NA,NA
"96","RT @NumbersUSA: MPI Study: Three times more H-1B visas were issued in FY 2016 than the annual cap of 85,000 due to approval of petitions frâ€¦",FALSE,0,NA,2018-04-03 02:51:44,FALSE,NA,"981001272978440192",NA,"<a href=\"https://mobile.twitter.com\" rel=\"nofollow\">Twitter Lite</a>","dareisay1",41,TRUE,FALSE,NA,NA
"97","RT @NumbersUSA: MPI Study: Three times more H-1B visas were issued in FY 2016 than the annual cap of 85,000 due to approval of petitions frâ€¦",FALSE,0,NA,2018-04-03 02:38:55,FALSE,NA,"980998050549202944",NA,"<a href=\"http://twitter.com/download/iphone\" rel=\"nofollow\">Twitter for iPhone</a>","MAGA_Patriot21",41,TRUE,FALSE,NA,NA
"98","RT @NumbersUSA: MPI Study: Three times more H-1B visas were issued in FY 2016 than the annual cap of 85,000 due to approval of petitions frâ€¦",FALSE,0,NA,2018-04-03 02:33:00,FALSE,NA,"980996561491566592",NA,"<a href=\"http://twitter.com/download/iphone\" rel=\"nofollow\">Twitter for iPhone</a>","Brett_Calabasas",41,TRUE,FALSE,NA,NA
"99","RT @NumbersUSA: MPI Study: Three times more H-1B visas were issued in FY 2016 than the annual cap of 85,000 due to approval of petitions frâ€¦",FALSE,0,NA,2018-04-03 02:14:44,FALSE,NA,"980991962231791617",NA,"<a href=\"http://twitter.com/download/iphone\" rel=\"nofollow\">Twitter for iPhone</a>","pennylane007007",41,TRUE,FALSE,NA,NA
"100","RT @NumbersUSA: MPI Study: Three times more H-1B visas were issued in FY 2016 than the annual cap of 85,000 due to approval of petitions frâ€¦",FALSE,0,NA,2018-04-03 01:59:06,FALSE,NA,"980988028478001152",NA,"<a href=\"http://twitter.com/download/iphone\" rel=\"nofollow\">Twitter for iPhone</a>","crg7228",41,TRUE,FALSE,NA,NA
"101","RT @NumbersUSA: MPI Study: Three times more H-1B visas were issued in FY 2016 than the annual cap of 85,000 due to approval of petitions frâ€¦",FALSE,0,NA,2018-04-03 01:56:29,FALSE,NA,"980987368680316928",NA,"<a href=\"http://twitter.com/download/iphone\" rel=\"nofollow\">Twitter for iPhone</a>","YouKnowWhy2017",41,TRUE,FALSE,NA,NA
"102","RT @NumbersUSA: MPI Study: Three times more H-1B visas were issued in FY 2016 than the annual cap of 85,000 due to approval of petitions frâ€¦",FALSE,0,NA,2018-04-03 01:56:20,FALSE,NA,"980987333699923968",NA,"<a href=\"https://mobile.twitter.com\" rel=\"nofollow\">Twitter Lite</a>","whitelynx33",41,TRUE,FALSE,NA,NA
"103","RT @NumbersUSA: MPI Study: Three times more H-1B visas were issued in FY 2016 than the annual cap of 85,000 due to approval of petitions frâ€¦",FALSE,0,NA,2018-04-03 01:52:51,FALSE,NA,"980986454762438657",NA,"<a href=\"http://twitter.com/download/android\" rel=\"nofollow\">Twitter for Android</a>","Toni_Price",41,TRUE,FALSE,NA,NA
"104","RT @NumbersUSA: MPI Study: Three times more H-1B visas were issued in FY 2016 than the annual cap of 85,000 due to approval of petitions frâ€¦",FALSE,0,NA,2018-04-03 01:52:21,FALSE,NA,"980986329113612288",NA,"<a href=\"http://twitter.com/download/iphone\" rel=\"nofollow\">Twitter for iPhone</a>","frydclt",41,TRUE,FALSE,NA,NA
"105","RT @NumbersUSA: MPI Study: Three times more H-1B visas were issued in FY 2016 than the annual cap of 85,000 due to approval of petitions frâ€¦",FALSE,0,NA,2018-04-03 01:50:57,FALSE,NA,"980985975525421056",NA,"<a href=\"http://twitter.com/#!/download/ipad\" rel=\"nofollow\">Twitter for iPad</a>","FieldRoamer",41,TRUE,FALSE,NA,NA
"106","RT @NumbersUSA: MPI Study: Three times more H-1B visas were issued in FY 2016 than the annual cap of 85,000 due to approval of petitions frâ€¦",FALSE,0,NA,2018-04-03 01:45:55,FALSE,NA,"980984710879989760",NA,"<a href=\"http://twitter.com/download/iphone\" rel=\"nofollow\">Twitter for iPhone</a>","Dialmond",41,TRUE,FALSE,NA,NA
"107","RT @NumbersUSA: MPI Study: Three times more H-1B visas were issued in FY 2016 than the annual cap of 85,000 due to approval of petitions frâ€¦",FALSE,0,NA,2018-04-03 01:44:09,FALSE,NA,"980984264878563328",NA,"<a href=\"http://twitter.com/download/android\" rel=\"nofollow\">Twitter for Android</a>","Roxanne060979",41,TRUE,FALSE,NA,NA
"108","RT @NumbersUSA: MPI Study: Three times more H-1B visas were issued in FY 2016 than the annual cap of 85,000 due to approval of petitions frâ€¦",FALSE,0,NA,2018-04-03 01:42:29,FALSE,NA,"980983846966628352",NA,"<a href=\"http://twitter.com/download/android\" rel=\"nofollow\">Twitter for Android</a>","SusanBBeckner",41,TRUE,FALSE,NA,NA
"109","RT @NumbersUSA: MPI Study: Three times more H-1B visas were issued in FY 2016 than the annual cap of 85,000 due to approval of petitions frâ€¦",FALSE,0,NA,2018-04-03 01:34:56,FALSE,NA,"980981945910939653",NA,"<a href=\"http://twitter.com/download/android\" rel=\"nofollow\">Twitter for Android</a>","H1B_Reform_Now",41,TRUE,FALSE,NA,NA
"110","RT @NumbersUSA: MPI Study: Three times more H-1B visas were issued in FY 2016 than the annual cap of 85,000 due to approval of petitions frâ€¦",FALSE,0,NA,2018-04-03 01:33:41,FALSE,NA,"980981631350489088",NA,"<a href=\"http://twitter.com/download/android\" rel=\"nofollow\">Twitter for Android</a>","dennis_peter_58",41,TRUE,FALSE,NA,NA
"111","RT @NumbersUSA: MPI Study: Three times more H-1B visas were issued in FY 2016 than the annual cap of 85,000 due to approval of petitions frâ€¦",FALSE,0,NA,2018-04-03 01:33:13,FALSE,NA,"980981515931791360",NA,"<a href=\"http://twitter.com\" rel=\"nofollow\">Twitter Web Client</a>","BobFinch",41,TRUE,FALSE,NA,NA
"112","RT @NumbersUSA: MPI Study: Three times more H-1B visas were issued in FY 2016 than the annual cap of 85,000 due to approval of petitions frâ€¦",FALSE,0,NA,2018-04-03 01:31:29,FALSE,NA,"980981076746297345",NA,"<a href=\"http://twitter.com/download/android\" rel=\"nofollow\">Twitter for Android</a>","kcimary",41,TRUE,FALSE,NA,NA
"113","RT @NumbersUSA: MPI Study: Three times more H-1B visas were issued in FY 2016 than the annual cap of 85,000 due to approval of petitions frâ€¦",FALSE,0,NA,2018-04-03 01:30:41,FALSE,NA,"980980878087081984",NA,"<a href=\"http://twitter.com\" rel=\"nofollow\">Twitter Web Client</a>","md90266",41,TRUE,FALSE,NA,NA
"114","RT @NumbersUSA: MPI Study: Three times more H-1B visas were issued in FY 2016 than the annual cap of 85,000 due to approval of petitions frâ€¦",FALSE,0,NA,2018-04-03 01:30:28,FALSE,NA,"980980822323974144",NA,"<a href=\"http://twitter.com/download/iphone\" rel=\"nofollow\">Twitter for iPhone</a>","joshdrake777",41,TRUE,FALSE,NA,NA
"115","MPI Study: Three times more H-1B visas were issued in FY 2016 than the annual cap of 85,000 due to approval of petiâ€¦ https://t.co/IVITQXKI9h",FALSE,33,NA,2018-04-03 01:30:00,TRUE,NA,"980980705286131712",NA,"<a href=\"https://about.twitter.com/products/tweetdeck\" rel=\"nofollow\">TweetDeck</a>","NumbersUSA",41,FALSE,FALSE,NA,NA
"116","RT @kkunapareddy1: Seriously? In spite of all these reports, high skilled immigrants currently are put in so much pain with #H1BVisa renewaâ€¦",FALSE,0,NA,2018-04-02 23:59:49,FALSE,NA,"980958011672834048",NA,"<a href=\"http://twitter.com/download/android\" rel=\"nofollow\">Twitter for Android</a>","GarimaHunjan",25,TRUE,FALSE,NA,NA
"117","RT @OTwit365: #USCIS Here is a #H1Bvisa fraud mill lead. Adept Computer Consultants Inc in Irving,TX.Thy holds/process #H1B &amp; #LCA 4 $ frmâ€¦",FALSE,0,NA,2018-04-02 23:40:33,FALSE,NA,"980953162474500097",NA,"<a href=\"http://twitter.com/#!/download/ipad\" rel=\"nofollow\">Twitter for iPad</a>","FairClaire00",16,TRUE,FALSE,NA,NA
"118","RT @kkunapareddy1: Seriously? In spite of all these reports, high skilled immigrants currently are put in so much pain with #H1BVisa renewaâ€¦",FALSE,0,NA,2018-04-02 23:40:27,FALSE,NA,"980953137019318272",NA,"<a href=\"http://twitter.com/download/iphone\" rel=\"nofollow\">Twitter for iPhone</a>","needagcfast",25,TRUE,FALSE,NA,NA
"119","RT @kkunapareddy1: Seriously? In spite of all these reports, high skilled immigrants currently are put in so much pain with #H1BVisa renewaâ€¦",FALSE,0,NA,2018-04-02 23:38:33,FALSE,NA,"980952656045854720",NA,"<a href=\"http://twitter.com/download/android\" rel=\"nofollow\">Twitter for Android</a>","Sunil07643",25,TRUE,FALSE,NA,NA
"120","H1B visa time again? time to call immigration attorney Nelisse to ask about new I-129 fees https://t.co/75jKmz7jKMâ€¦ https://t.co/ngC3CEU60Z",FALSE,0,NA,2018-04-02 23:30:08,TRUE,NA,"980950540829028354",NA,"<a href=\"https://ifttt.com\" rel=\"nofollow\">IFTTT</a>","immigrationvisa",0,FALSE,FALSE,NA,NA
"121","RT @kkunapareddy1: Seriously? In spite of all these reports, high skilled immigrants currently are put in so much pain with #H1BVisa renewaâ€¦",FALSE,0,NA,2018-04-02 23:26:46,FALSE,NA,"980949690752622592",NA,"<a href=\"http://twitter.com/download/iphone\" rel=\"nofollow\">Twitter for iPhone</a>","pankaj571",25,TRUE,FALSE,NA,NA
"122","RT @ASanthaluri: @vamsiv58 @RonWyden @SenJeffMerkley Please cosponsor #S281 @RonWyden  @SenJeffMerkley 

This bill helps clearing #GCBackloâ€¦",FALSE,0,NA,2018-04-02 22:59:58,FALSE,NA,"980942947263823872",NA,"<a href=\"http://twitter.com/download/android\" rel=\"nofollow\">Twitter for Android</a>","priyaursal",10,TRUE,FALSE,NA,NA
"123","RT @kkunapareddy1: Seriously? In spite of all these reports, high skilled immigrants currently are put in so much pain with #H1BVisa renewaâ€¦",FALSE,0,NA,2018-04-02 22:22:10,FALSE,NA,"980933433852645376",NA,"<a href=\"http://twitter.com/download/iphone\" rel=\"nofollow\">Twitter for iPhone</a>","sameer12sa",25,TRUE,FALSE,NA,NA
"124","RT @kkunapareddy1: Seriously? In spite of all these reports, high skilled immigrants currently are put in so much pain with #H1BVisa renewaâ€¦",FALSE,0,NA,2018-04-02 22:19:46,FALSE,NA,"980932833198817280",NA,"<a href=\"http://twitter.com/download/android\" rel=\"nofollow\">Twitter for Android</a>","priyaursal",25,TRUE,FALSE,NA,NA
"125","RT @kkunapareddy1: Seriously? In spite of all these reports, high skilled immigrants currently are put in so much pain with #H1BVisa renewaâ€¦",FALSE,0,NA,2018-04-02 22:10:26,FALSE,NA,"980930481259720704",NA,"<a href=\"http://twitter.com/download/iphone\" rel=\"nofollow\">Twitter for iPhone</a>","iSquaredAct",25,TRUE,FALSE,NA,NA
"126","Today is the first day of #H1Bvisa season, where petitioners will vie for 85K visas. https://t.co/jPfa5eLkCW",FALSE,0,NA,2018-04-02 19:26:00,FALSE,NA,"980889101355364353",NA,"<a href=\"https://about.twitter.com/products/tweetdeck\" rel=\"nofollow\">TweetDeck</a>","CIOdive",0,FALSE,FALSE,NA,NA
"127","Our very own @eddiepwest is featured in @ThePIENews article on possible #H1BVisa changes: https://t.co/lW6eVesPEm https://t.co/jnFaSbxHzH",FALSE,1,NA,2018-04-02 18:32:47,FALSE,NA,"980875710163111936",NA,"<a href=\"http://twitter.com\" rel=\"nofollow\">Twitter Web Client</a>","UCBerkeleyIntl",0,FALSE,FALSE,NA,NA
"128","RT @kkunapareddy1: Seriously? In spite of all these reports, high skilled immigrants currently are put in so much pain with #H1BVisa renewaâ€¦",FALSE,0,NA,2018-04-02 17:09:41,FALSE,NA,"980854796130377729",NA,"<a href=\"http://twitter.com/download/iphone\" rel=\"nofollow\">Twitter for iPhone</a>","sudsravi",25,TRUE,FALSE,NA,NA
"129","Seriously? In spite of all these reports, high skilled immigrants currently are put in so much pain with #H1BVisa râ€¦ https://t.co/tpDy5WOTOA",FALSE,19,NA,2018-04-02 16:47:26,TRUE,NA,"980849197355339776",NA,"<a href=\"http://twitter.com\" rel=\"nofollow\">Twitter Web Client</a>","kkunapareddy1",25,FALSE,FALSE,NA,NA
"130","Good luck to my clients, colleagues, employers, and foreign nationals who submitted H-1B visa petitions today!â€¦ https://t.co/bSFw7ShaIo",FALSE,1,NA,2018-04-02 16:42:00,TRUE,NA,"980847829177511944",NA,"<a href=\"https://about.twitter.com/products/tweetdeck\" rel=\"nofollow\">TweetDeck</a>","FinkelmanLaw",0,FALSE,FALSE,NA,NA
"131","Want more chances getting an H1b visa this year? Ask multiple employers to submit an #H1b visa request for you |â€¦ https://t.co/hNeT5YsfOm",FALSE,0,NA,2018-04-02 16:30:20,TRUE,NA,"980844894477520896",NA,"<a href=\"https://ifttt.com\" rel=\"nofollow\">IFTTT</a>","immigrationvisa",0,FALSE,FALSE,NA,NA
"132","US to reject multiple H-1B filings for same visa-seeker - https://t.co/vux9dl04L6 @David_Nachman #TOI #h1b #h1bvisaâ€¦ https://t.co/iD9u0N91gB",FALSE,0,NA,2018-04-02 15:31:32,TRUE,NA,"980830095031054336",NA,"<a href=\"http://twitter.com\" rel=\"nofollow\">Twitter Web Client</a>","npzlawgroup",0,FALSE,FALSE,NA,NA
"133","A big thank you to @go4biz_ and Immigration Attorney Maier Negugogor who led an #H1BVisa Seminar last week! Thanksâ€¦ https://t.co/dZpC7zkGrS",FALSE,1,NA,2018-04-02 15:14:39,TRUE,NA,"980825845660110848",NA,"<a href=\"http://twitter.com\" rel=\"nofollow\">Twitter Web Client</a>","UNewHavenCDC",0,FALSE,FALSE,NA,NA
"134","The toughest #H1B filing season kicks off today. #H1BVisa @USCIS https://t.co/Ie3gWW9O2g",FALSE,0,NA,2018-04-02 14:52:23,FALSE,NA,"980820242959040513",NA,"<a href=\"http://twitter.com\" rel=\"nofollow\">Twitter Web Client</a>","sissicao",0,FALSE,FALSE,NA,NA
"135","RT @ASanthaluri: @vamsiv58 @RonWyden @SenJeffMerkley Please cosponsor #S281 @RonWyden  @SenJeffMerkley 

This bill helps clearing #GCBackloâ€¦",FALSE,0,NA,2018-04-02 14:14:33,FALSE,NA,"980810724556574720",NA,"<a href=\"https://mobile.twitter.com\" rel=\"nofollow\">Twitter Lite</a>","Yogee_007",10,TRUE,FALSE,NA,NA
"136","The #H1Bvisa filing season opens today. https://t.co/jPfa5eLkCW",FALSE,0,NA,2018-04-02 14:09:29,FALSE,NA,"980809449173602304",NA,"<a href=\"https://about.twitter.com/products/tweetdeck\" rel=\"nofollow\">TweetDeck</a>","CIOdive",0,FALSE,FALSE,NA,NA
"137","RT @OTwit365: #USCIS Here is a #H1Bvisa fraud mill lead. Adept Computer Consultants Inc in Irving,TX.Thy holds/process #H1B &amp; #LCA 4 $ frmâ€¦",FALSE,0,NA,2018-04-02 13:53:56,FALSE,NA,"980805534340321282",NA,"<a href=\"https://mobile.twitter.com\" rel=\"nofollow\">Twitter Lite</a>","katiecgoldsmith",16,TRUE,FALSE,NA,NA
"138","RT @OTwit365: #USCIS Here is a #H1Bvisa fraud mill lead. Adept Computer Consultants Inc in Irving,TX.Thy holds/process #H1B &amp; #LCA 4 $ frmâ€¦",FALSE,0,NA,2018-04-02 13:02:48,FALSE,NA,"980792666245029888",NA,"<a href=\"http://twitter.com/download/android\" rel=\"nofollow\">Twitter for Android</a>","ghai5678",16,TRUE,FALSE,NA,NA
"139","#H1BVisa Application Process Begins Today: 10 Things To Know https://t.co/EfMmNSUbCb",FALSE,0,NA,2018-04-02 09:43:18,FALSE,NA,"980742460463706112",NA,"<a href=\"http://twitter.com\" rel=\"nofollow\">Twitter Web Client</a>","kpimmigration",0,FALSE,FALSE,NA,NA
"140","RT @NumbersUSA: Recent MPI Study reveals that \"the number of H-1B visas issued in fiscal year 2016 exceeded the cap of 85,000 by about threâ€¦",FALSE,0,NA,2018-04-02 09:19:02,FALSE,NA,"980736355218132992",NA,"<a href=\"http://twitter.com/#!/download/ipad\" rel=\"nofollow\">Twitter for iPad</a>","MiddleClazzMom",35,TRUE,FALSE,NA,NA
"141","Some #Trump policies make life harder for highly-skilled foreigners https://t.co/nEoEwuuIcI #Getwoke #Politics #H1BVisa",FALSE,2,NA,2018-04-02 06:41:51,FALSE,NA,"980696796124065792",NA,"<a href=\"http://www.tweetcaster.com\" rel=\"nofollow\">TweetCaster for Android</a>","MakeItPlain",0,FALSE,FALSE,NA,NA
"142","RT @OTwit365: #USCIS Here is a #H1Bvisa fraud mill lead. Adept Computer Consultants Inc in Irving,TX.Thy holds/process #H1B &amp; #LCA 4 $ frmâ€¦",FALSE,0,NA,2018-04-02 06:33:12,FALSE,NA,"980694621142437888",NA,"<a href=\"http://twitter.com/download/iphone\" rel=\"nofollow\">Twitter for iPhone</a>","RajkumarRam1983",16,TRUE,FALSE,NA,NA
"143","RT @JulianAssannge: Hereâ€™s the result when #H1BVisa holders, the cheap foreign coders, programmers &amp; engineers who are Silicon Valleyâ€™s 2.0â€¦",FALSE,0,NA,2018-04-02 06:25:00,FALSE,NA,"980692557737943040",NA,"<a href=\"https://mobile.twitter.com\" rel=\"nofollow\">Twitter Lite</a>","elijemma",126,TRUE,FALSE,NA,NA
"144","https://t.co/BU3TxyRN2m  #www.amplifysystems.com #H4EAD #GC-EAD #GreenCard  #USCitizens #OPT-EAD #TN-VISA #h1bvisaâ€¦ https://t.co/4Sb7BM8l6C",FALSE,0,NA,2018-04-02 05:22:31,TRUE,NA,"980676832172294144",NA,"<a href=\"http://twitter.com\" rel=\"nofollow\">Twitter Web Client</a>","Amplifysystem",0,FALSE,FALSE,NA,NA
"145","RT @OTwit365: #USCIS Here is a #H1Bvisa fraud mill lead. Adept Computer Consultants Inc in Irving,TX.Thy holds/process #H1B &amp; #LCA 4 $ frmâ€¦",FALSE,0,NA,2018-04-02 03:15:19,FALSE,NA,"980644819730132992",NA,"<a href=\"http://twitter.com/download/android\" rel=\"nofollow\">Twitter for Android</a>","NavedTX",16,TRUE,FALSE,NA,NA
"146","RT @OTwit365: #USCIS Here is a #H1Bvisa fraud mill lead. Adept Computer Consultants Inc in Irving,TX.Thy holds/process #H1B &amp; #LCA 4 $ frmâ€¦",FALSE,0,NA,2018-04-02 02:54:43,FALSE,NA,"980639638665691136",NA,"<a href=\"http://twitter.com/download/android\" rel=\"nofollow\">Twitter for Android</a>","Ramcharkavarti1",16,TRUE,FALSE,NA,NA
"147","#H1BVisa News

https://t.co/80H4SPUpMy",FALSE,0,NA,2018-04-02 02:53:04,FALSE,NA,"980639221529456641",NA,"<a href=\"http://twitter.com/download/iphone\" rel=\"nofollow\">Twitter for iPhone</a>","kalyan_krazy",0,FALSE,FALSE,NA,NA
"148","H1B visa time again? time to call immigration attorney Nelisse to ask about new I-129 fees https://t.co/75jKmz7jKMâ€¦ https://t.co/AFQByKyqeU",FALSE,0,NA,2018-04-01 23:30:32,TRUE,NA,"980588251944751104",NA,"<a href=\"https://ifttt.com\" rel=\"nofollow\">IFTTT</a>","immigrationvisa",0,FALSE,FALSE,NA,NA
"149","RT @ASanthaluri: @vamsiv58 @RonWyden @SenJeffMerkley Please cosponsor #S281 @RonWyden  @SenJeffMerkley 

This bill helps clearing #GCBackloâ€¦",FALSE,0,NA,2018-04-01 23:30:27,FALSE,NA,"980588229660413952",NA,"<a href=\"http://twitter.com/download/iphone\" rel=\"nofollow\">Twitter for iPhone</a>","sudiptoimpmail",10,TRUE,FALSE,NA,NA
"150","#H1BVisa lottery application window for new employment beginning October 1 opens tomorrow. Applicants will be vieinâ€¦ https://t.co/gzG5JCzpqq",FALSE,0,NA,2018-04-01 21:41:57,TRUE,NA,"980560925282439169",NA,"<a href=\"http://twitter.com\" rel=\"nofollow\">Twitter Web Client</a>","ImmLexLawGroup",0,FALSE,FALSE,NA,NA
"151","@thevirdas Its not the #NRI its the #NRI status that speaks #truants #cowards #Jumlas #nontaxpayers #h1bvisa",FALSE,0,"thevirdas",2018-04-01 19:56:59,FALSE,"980127014870020098","980534509572521984","108252113","<a href=\"http://www.twitter.com\" rel=\"nofollow\">Twitter for Windows</a>","khantroller",0,FALSE,FALSE,NA,NA
"152","RT @ASanthaluri: @vamsiv58 @RonWyden @SenJeffMerkley Please cosponsor #S281 @RonWyden  @SenJeffMerkley 

This bill helps clearing #GCBackloâ€¦",FALSE,0,NA,2018-04-01 19:18:02,FALSE,NA,"980524710499901440",NA,"<a href=\"https://mobile.twitter.com\" rel=\"nofollow\">Twitter Lite</a>","kkunapareddy1",10,TRUE,FALSE,NA,NA
"153","RT @ASanthaluri: @vamsiv58 @RonWyden @SenJeffMerkley Please cosponsor #S281 @RonWyden  @SenJeffMerkley 

This bill helps clearing #GCBackloâ€¦",FALSE,0,NA,2018-04-01 18:16:07,FALSE,NA,"980509126110384129",NA,"<a href=\"http://twitter.com/download/iphone\" rel=\"nofollow\">Twitter for iPhone</a>","sudsravi",10,TRUE,FALSE,NA,NA
"154","RT @vamsiv58: Every #h1bvisa holder stuck in #GCBacklog knows how painful it is to not just wait inevitably but also staying in the same joâ€¦",FALSE,0,NA,2018-04-01 16:54:39,FALSE,NA,"980488623555563521",NA,"<a href=\"https://mobile.twitter.com\" rel=\"nofollow\">Twitter Lite</a>","memes_cnn",23,TRUE,FALSE,NA,NA
"155","Want more chances getting an H1b visa this year? Ask multiple employers to submit an #H1b visa request for you |â€¦ https://t.co/4yu1v01BXw",FALSE,0,NA,2018-04-01 16:30:11,TRUE,NA,"980482466208104448",NA,"<a href=\"https://ifttt.com\" rel=\"nofollow\">IFTTT</a>","immigrationvisa",0,FALSE,FALSE,NA,NA
"156","RT @OTwit365: #USCIS Here is a #H1Bvisa fraud mill lead. Adept Computer Consultants Inc in Irving,TX.Thy holds/process #H1B &amp; #LCA 4 $ frmâ€¦",FALSE,0,NA,2018-04-01 15:05:39,FALSE,NA,"980461192756871168",NA,"<a href=\"http://twitter.com/download/iphone\" rel=\"nofollow\">Twitter for iPhone</a>","aintgotnotim_e4",16,TRUE,FALSE,NA,NA
"157","RT @OTwit365: #USCIS Here is a #H1Bvisa fraud mill lead. Adept Computer Consultants Inc in Irving,TX.Thy holds/process #H1B &amp; #LCA 4 $ frmâ€¦",FALSE,0,NA,2018-04-01 13:36:39,FALSE,NA,"980438798151626752",NA,"<a href=\"https://mobile.twitter.com\" rel=\"nofollow\">Twitter Lite</a>","politicolt",16,TRUE,FALSE,NA,NA
"158","RT @OTwit365: #USCIS Here is a #H1Bvisa fraud mill lead. Adept Computer Consultants Inc in Irving,TX.Thy holds/process #H1B &amp; #LCA 4 $ frmâ€¦",FALSE,0,NA,2018-04-01 13:21:35,FALSE,NA,"980435003896156160",NA,"<a href=\"http://twitter.com/download/android\" rel=\"nofollow\">Twitter for Android</a>","Success87473781",16,TRUE,FALSE,NA,NA
"159","RT @OTwit365: #USCIS Here is a #H1Bvisa fraud mill lead. Adept Computer Consultants Inc in Irving,TX.Thy holds/process #H1B &amp; #LCA 4 $ frmâ€¦",FALSE,0,NA,2018-04-01 13:10:36,FALSE,NA,"980432239640104963",NA,"<a href=\"http://twitter.com/download/iphone\" rel=\"nofollow\">Twitter for iPhone</a>","MindRational",16,TRUE,FALSE,NA,NA
"160","RT @OTwit365: #USCIS Here is a #H1Bvisa fraud mill lead. Adept Computer Consultants Inc in Irving,TX.Thy holds/process #H1B &amp; #LCA 4 $ frmâ€¦",FALSE,0,NA,2018-04-01 11:51:30,FALSE,NA,"980412336107335680",NA,"<a href=\"http://twitter.com/download/iphone\" rel=\"nofollow\">Twitter for iPhone</a>","SagarYogendra",16,TRUE,FALSE,NA,NA
"161","RT @OTwit365: #USCIS Here is a #H1Bvisa fraud mill lead. Adept Computer Consultants Inc in Irving,TX.Thy holds/process #H1B &amp; #LCA 4 $ frmâ€¦",FALSE,0,NA,2018-04-01 11:24:50,FALSE,NA,"980405624197455872",NA,"<a href=\"http://twitter.com/download/iphone\" rel=\"nofollow\">Twitter for iPhone</a>","stoplootofusa",16,TRUE,FALSE,NA,NA
"162","RT @OTwit365: #USCIS Here is a #H1Bvisa fraud mill lead. Adept Computer Consultants Inc in Irving,TX.Thy holds/process #H1B &amp; #LCA 4 $ frmâ€¦",FALSE,0,NA,2018-04-01 11:12:09,FALSE,NA,"980402434169364481",NA,"<a href=\"https://mobile.twitter.com\" rel=\"nofollow\">Twitter Lite</a>","Johned2100",16,TRUE,FALSE,NA,NA
"163","RT @immiherald: https://t.co/dNiTnql2ey
#H1B #h1bvisa #Immigration #H4EAD #h4 #H4DREAMERS  #h4visa",FALSE,0,NA,2018-04-01 08:44:34,FALSE,NA,"980365293322166272",NA,"<a href=\"https://about.twitter.com/products/tweetdeck\" rel=\"nofollow\">TweetDeck</a>","niknikMoore",3,TRUE,FALSE,NA,NA
"164","RT @immiherald: https://t.co/dNiTnql2ey
#H1B #h1bvisa #Immigration #H4EAD #h4 #H4DREAMERS  #h4visa",FALSE,0,NA,2018-04-01 08:04:12,FALSE,NA,"980355133480476672",NA,"<a href=\"http://twitter.com/download/iphone\" rel=\"nofollow\">Twitter for iPhone</a>","ComplexNumbers1",3,TRUE,FALSE,NA,NA
"165","Numbers don't lie. #H1BVisa #H1B
US-based spouses queue up for H-1B as work permits get scarce. #H4EAD
Perfect timiâ€¦ https://t.co/05GPZ4hbdW",FALSE,0,NA,2018-04-01 04:56:26,TRUE,NA,"980307878165794816",NA,"<a href=\"http://twitter.com\" rel=\"nofollow\">Twitter Web Client</a>","arun4friends",0,FALSE,FALSE,NA,NA
"166","#USCIS Here is a #H1Bvisa fraud mill lead. Adept Computer Consultants Inc in Irving,TX.Thy holds/process #H1B &amp;â€¦ https://t.co/FiNMIsiy6G",FALSE,15,NA,2018-04-01 02:57:52,TRUE,NA,"980278041556520960",NA,"<a href=\"http://twitter.com/download/iphone\" rel=\"nofollow\">Twitter for iPhone</a>","OTwit365",16,FALSE,FALSE,NA,NA
"167","RT @immiherald: https://t.co/dNiTnql2ey
#H1B #h1bvisa #Immigration #H4EAD #h4 #H4DREAMERS  #h4visa",FALSE,0,NA,2018-04-01 02:16:47,FALSE,NA,"980267701942841345",NA,"<a href=\"http://twitter.com/download/android\" rel=\"nofollow\">Twitter for Android</a>","NavedTX",3,TRUE,FALSE,NA,NA
"168","https://t.co/dNiTnql2ey
#H1B #h1bvisa #Immigration #H4EAD #h4 #H4DREAMERS  #h4visa",FALSE,4,NA,2018-04-01 00:52:48,FALSE,NA,"980246569298558976",NA,"<a href=\"http://twitter.com\" rel=\"nofollow\">Twitter Web Client</a>","immiherald",3,FALSE,FALSE,NA,NA
"169","H1B visa time again? time to call immigration attorney Nelisse to ask about new I-129 fees https://t.co/75jKmz7jKMâ€¦ https://t.co/JFVBxgkYEh",FALSE,0,NA,2018-03-31 23:30:12,TRUE,NA,"980225781271072769",NA,"<a href=\"https://ifttt.com\" rel=\"nofollow\">IFTTT</a>","immigrationvisa",0,FALSE,FALSE,NA,NA
"170","RT @captainusa786: @4US_Workers Not only hiring #h1b should be the issue also before every renewal . Petition should be assessed to see ifâ€¦",FALSE,0,NA,2018-03-31 23:16:24,FALSE,NA,"980222309406425088",NA,"<a href=\"http://twitter.com/download/iphone\" rel=\"nofollow\">Twitter for iPhone</a>","frydclt",8,TRUE,FALSE,NA,NA
"171","RT @captainusa786: @4US_Workers Not only hiring #h1b should be the issue also before every renewal . Petition should be assessed to see ifâ€¦",FALSE,0,NA,2018-03-31 22:19:12,FALSE,NA,"980207914240692226",NA,"<a href=\"http://twitter.com/download/iphone\" rel=\"nofollow\">Twitter for iPhone</a>","SagarYogendra",8,TRUE,FALSE,NA,NA
"172","RT @captainusa786: @4US_Workers Not only hiring #h1b should be the issue also before every renewal . Petition should be assessed to see ifâ€¦",FALSE,0,NA,2018-03-31 21:46:50,FALSE,NA,"980199768533209090",NA,"<a href=\"http://twitter.com/download/android\" rel=\"nofollow\">Twitter for Android</a>","testtweeter010",8,TRUE,FALSE,NA,NA
"173","Shout out to all those business #immigration #attorneys who are enjoying their first weekend off in a long time #h1bvisa #cap",FALSE,0,NA,2018-03-31 19:12:50,FALSE,NA,"980161010207199232",NA,"<a href=\"http://twitter.com/download/iphone\" rel=\"nofollow\">Twitter for iPhone</a>","Swarley8me",0,FALSE,FALSE,NA,NA
"174","RT @captainusa786: #h1bvisa is bigger threat then #DACA . Please kill this visa category so American workers can go back to work !",FALSE,0,NA,2018-03-31 18:53:20,FALSE,NA,"980156106801582080",NA,"<a href=\"https://mobile.twitter.com\" rel=\"nofollow\">Twitter Lite</a>","Shan03933140",13,TRUE,FALSE,NA,NA
"175","RT @captainusa786: #h1bvisa is bigger threat then #DACA . Please kill this visa category so American workers can go back to work !",FALSE,0,NA,2018-03-31 17:50:32,FALSE,NA,"980140302580187136",NA,"<a href=\"http://twitter.com/download/android\" rel=\"nofollow\">Twitter for Android</a>","NavedTX",13,TRUE,FALSE,NA,NA
"176","Want more chances getting an H1b visa this year? Ask multiple employers to submit an #H1b visa request for you |â€¦ https://t.co/xuvCTaHwGM",FALSE,0,NA,2018-03-31 16:30:15,TRUE,NA,"980120096856264704",NA,"<a href=\"https://ifttt.com\" rel=\"nofollow\">IFTTT</a>","immigrationvisa",0,FALSE,FALSE,NA,NA
"177","RT @NumbersUSA: Recent MPI Study reveals that \"the number of H-1B visas issued in fiscal year 2016 exceeded the cap of 85,000 by about threâ€¦",FALSE,0,NA,2018-03-31 16:07:20,FALSE,NA,"980114328274825216",NA,"<a href=\"http://twitter.com\" rel=\"nofollow\">Twitter Web Client</a>","piedmontian11",35,TRUE,FALSE,NA,NA
"178","RT @NumbersUSA: Recent MPI Study reveals that \"the number of H-1B visas issued in fiscal year 2016 exceeded the cap of 85,000 by about threâ€¦",FALSE,0,NA,2018-03-31 13:30:38,FALSE,NA,"980074893642354688",NA,"<a href=\"http://twitter.com/download/android\" rel=\"nofollow\">Twitter for Android</a>","tom_mcclaren",35,TRUE,FALSE,NA,NA
"179","RT @vamsiv58: Please cosponsor #S281 @RonWyden  @SenJeffMerkley 

This bill helps clearing #GCBacklog 
and gives hope to hardworking #h1bviâ€¦",FALSE,0,NA,2018-03-31 03:30:42,FALSE,NA,"979923917006692353",NA,"<a href=\"http://twitter.com/download/android\" rel=\"nofollow\">Twitter for Android</a>","praspth",48,TRUE,FALSE,NA,NA
"180","Thank @god #h1bvisa cap season #HungerGames are finally over today. I almost ate my coworkers.",FALSE,0,NA,2018-03-31 03:25:06,FALSE,NA,"979922508022517760",NA,"<a href=\"http://twitter.com/download/iphone\" rel=\"nofollow\">Twitter for iPhone</a>","j_ctyler",0,FALSE,FALSE,NA,NA
"181","RT @captainusa786: @4US_Workers Not only hiring #h1b should be the issue also before every renewal . Petition should be assessed to see ifâ€¦",FALSE,0,NA,2018-03-31 03:16:18,FALSE,NA,"979920293186691072",NA,"<a href=\"https://mobile.twitter.com\" rel=\"nofollow\">Twitter Lite</a>","Shan03933140",8,TRUE,FALSE,NA,NA
"182","RT @NumbersUSA: Recent MPI Study reveals that \"the number of H-1B visas issued in fiscal year 2016 exceeded the cap of 85,000 by about threâ€¦",FALSE,0,NA,2018-03-31 02:59:48,FALSE,NA,"979916139802386432",NA,"<a href=\"http://twitter.com/download/iphone\" rel=\"nofollow\">Twitter for iPhone</a>","ErsteKrieger",35,TRUE,FALSE,NA,NA
"183","RT @NumbersUSA: Recent MPI Study reveals that \"the number of H-1B visas issued in fiscal year 2016 exceeded the cap of 85,000 by about threâ€¦",FALSE,0,NA,2018-03-31 02:58:15,FALSE,NA,"979915748486377473",NA,"<a href=\"http://twitter.com/download/iphone\" rel=\"nofollow\">Twitter for iPhone</a>","kkarop",35,TRUE,FALSE,NA,NA
"184","RT @NumbersUSA: Recent MPI Study reveals that \"the number of H-1B visas issued in fiscal year 2016 exceeded the cap of 85,000 by about threâ€¦",FALSE,0,NA,2018-03-31 02:38:09,FALSE,NA,"979910691028176897",NA,"<a href=\"http://twitter.com/download/iphone\" rel=\"nofollow\">Twitter for iPhone</a>","DukeofEarlDD",35,TRUE,FALSE,NA,NA
"185","RT @NumbersUSA: Recent MPI Study reveals that \"the number of H-1B visas issued in fiscal year 2016 exceeded the cap of 85,000 by about threâ€¦",FALSE,0,NA,2018-03-31 02:36:56,FALSE,NA,"979910387465359360",NA,"<a href=\"http://twitter.com/download/android\" rel=\"nofollow\">Twitter for Android</a>","g_rillan",35,TRUE,FALSE,NA,NA
"186","RT @NumbersUSA: Recent MPI Study reveals that \"the number of H-1B visas issued in fiscal year 2016 exceeded the cap of 85,000 by about threâ€¦",FALSE,0,NA,2018-03-31 02:36:11,FALSE,NA,"979910195311718401",NA,"<a href=\"http://twitter.com/download/android\" rel=\"nofollow\">Twitter for Android</a>","Success87473781",35,TRUE,FALSE,NA,NA
"187","RT @captainusa786: @4US_Workers Not only hiring #h1b should be the issue also before every renewal . Petition should be assessed to see ifâ€¦",FALSE,0,NA,2018-03-31 02:35:31,FALSE,NA,"979910027430555650",NA,"<a href=\"http://twitter.com/download/android\" rel=\"nofollow\">Twitter for Android</a>","Success87473781",8,TRUE,FALSE,NA,NA
"188","RT @NumbersUSA: Recent MPI Study reveals that \"the number of H-1B visas issued in fiscal year 2016 exceeded the cap of 85,000 by about threâ€¦",FALSE,0,NA,2018-03-31 01:08:50,FALSE,NA,"979888212876214274",NA,"<a href=\"http://twitter.com/download/iphone\" rel=\"nofollow\">Twitter for iPhone</a>","Brett_Calabasas",35,TRUE,FALSE,NA,NA
"189","RT @vamsiv58: Please cosponsor #S281 @RonWyden  @SenJeffMerkley 

This bill helps clearing #GCBacklog 
and gives hope to hardworking #h1bviâ€¦",FALSE,0,NA,2018-03-31 00:32:24,FALSE,NA,"979879046967214081",NA,"<a href=\"http://twitter.com/download/iphone\" rel=\"nofollow\">Twitter for iPhone</a>","shijilj1",48,TRUE,FALSE,NA,NA
"190","RT @vamsiv58: Please cosponsor #S281 @RonWyden  @SenJeffMerkley 

This bill helps clearing #GCBacklog 
and gives hope to hardworking #h1bviâ€¦",FALSE,0,NA,2018-03-31 00:15:48,FALSE,NA,"979874867892822016",NA,"<a href=\"http://twitter.com/download/iphone\" rel=\"nofollow\">Twitter for iPhone</a>","kanudhiman",48,TRUE,FALSE,NA,NA
"191","RT @captainusa786: @4US_Workers Not only hiring #h1b should be the issue also before every renewal . Petition should be assessed to see ifâ€¦",FALSE,0,NA,2018-03-30 23:59:33,FALSE,NA,"979870779394342913",NA,"<a href=\"https://mobile.twitter.com\" rel=\"nofollow\">Twitter Lite</a>","SCINTLE",8,TRUE,FALSE,NA,NA
"192","H1B visa time again? time to call immigration attorney Nelisse to ask about new I-129 fees https://t.co/75jKmz7jKMâ€¦ https://t.co/TgUtl3dJKk",FALSE,4,NA,2018-03-30 23:30:10,TRUE,NA,"979863384928804864",NA,"<a href=\"https://ifttt.com\" rel=\"nofollow\">IFTTT</a>","immigrationvisa",0,FALSE,FALSE,NA,NA
"193","RT @NumbersUSA: Recent MPI Study reveals that \"the number of H-1B visas issued in fiscal year 2016 exceeded the cap of 85,000 by about threâ€¦",FALSE,0,NA,2018-03-30 22:13:45,FALSE,NA,"979844154032353281",NA,"<a href=\"http://twitter.com/#!/download/ipad\" rel=\"nofollow\">Twitter for iPad</a>","noel_lapointe",35,TRUE,FALSE,NA,NA
"194","RT @NumbersUSA: Recent MPI Study reveals that \"the number of H-1B visas issued in fiscal year 2016 exceeded the cap of 85,000 by about threâ€¦",FALSE,0,NA,2018-03-30 22:11:42,FALSE,NA,"979843636048220161",NA,"<a href=\"https://mobile.twitter.com\" rel=\"nofollow\">Twitter Lite</a>","cej5001",35,TRUE,FALSE,NA,NA
"195","RT @captainusa786: @4US_Workers Not only hiring #h1b should be the issue also before every renewal . Petition should be assessed to see ifâ€¦",FALSE,0,NA,2018-03-30 22:03:30,FALSE,NA,"979841576192151558",NA,"<a href=\"http://twitter.com/download/android\" rel=\"nofollow\">Twitter for Android</a>","H1B_Reform_Now",8,TRUE,FALSE,NA,NA
"196","RT @NumbersUSA: Recent MPI Study reveals that \"the number of H-1B visas issued in fiscal year 2016 exceeded the cap of 85,000 by about threâ€¦",FALSE,0,NA,2018-03-30 22:00:56,FALSE,NA,"979840926095831041",NA,"<a href=\"http://twitter.com/download/iphone\" rel=\"nofollow\">Twitter for iPhone</a>","JackDavisAZ",35,TRUE,FALSE,NA,NA
"197","RT @NumbersUSA: Recent MPI Study reveals that \"the number of H-1B visas issued in fiscal year 2016 exceeded the cap of 85,000 by about threâ€¦",FALSE,0,NA,2018-03-30 21:49:59,FALSE,NA,"979838174540238848",NA,"<a href=\"http://twitter.com\" rel=\"nofollow\">Twitter Web Client</a>","heartlanderUSA",35,TRUE,FALSE,NA,NA
"198","RT @NumbersUSA: Recent MPI Study reveals that \"the number of H-1B visas issued in fiscal year 2016 exceeded the cap of 85,000 by about threâ€¦",FALSE,0,NA,2018-03-30 21:48:53,FALSE,NA,"979837896692785152",NA,"<a href=\"http://twitter.com/download/android\" rel=\"nofollow\">Twitter for Android</a>","NavedTX",35,TRUE,FALSE,NA,NA
"199","RT @captainusa786: @4US_Workers Not only hiring #h1b should be the issue also before every renewal . Petition should be assessed to see ifâ€¦",FALSE,0,NA,2018-03-30 21:47:37,FALSE,NA,"979837578017935366",NA,"<a href=\"http://twitter.com/download/android\" rel=\"nofollow\">Twitter for Android</a>","NavedTX",8,TRUE,FALSE,NA,NA
"200","@4US_Workers Not only hiring #h1b should be the issue also before every renewal . Petition should be assessed to seâ€¦ https://t.co/GhKPwy1XcU",FALSE,9,"4US_Workers",2018-03-30 21:37:26,TRUE,"979624621237563392","979835015549931525","2298534750","<a href=\"http://twitter.com/download/iphone\" rel=\"nofollow\">Twitter for iPhone</a>","captainusa786",8,FALSE,FALSE,NA,NA
"201","RT @NumbersUSA: Recent MPI Study reveals that \"the number of H-1B visas issued in fiscal year 2016 exceeded the cap of 85,000 by about threâ€¦",FALSE,0,NA,2018-03-30 21:37:13,FALSE,NA,"979834960193335296",NA,"<a href=\"http://twitter.com/download/android\" rel=\"nofollow\">Twitter for Android</a>","H1B_Reform_Now",35,TRUE,FALSE,NA,NA
"202","RT @NumbersUSA: Recent MPI Study reveals that \"the number of H-1B visas issued in fiscal year 2016 exceeded the cap of 85,000 by about threâ€¦",FALSE,0,NA,2018-03-30 20:57:15,FALSE,NA,"979824903665979393",NA,"<a href=\"http://twitter.com\" rel=\"nofollow\">Twitter Web Client</a>","Glaivester",35,TRUE,FALSE,NA,NA
"203","RT @NumbersUSA: Recent MPI Study reveals that \"the number of H-1B visas issued in fiscal year 2016 exceeded the cap of 85,000 by about threâ€¦",FALSE,0,NA,2018-03-30 20:50:56,FALSE,NA,"979823311898079232",NA,"<a href=\"http://twitter.com\" rel=\"nofollow\">Twitter Web Client</a>","greenLibrtarian",35,TRUE,FALSE,NA,NA
"204","RT @ASanthaluri: @vamsiv58 @RonWyden @SenJeffMerkley Please cosponsor #S281 @RonWyden  @SenJeffMerkley 

This bill helps clearing #GCBackloâ€¦",FALSE,0,NA,2018-03-30 20:49:56,FALSE,NA,"979823061179551748",NA,"<a href=\"http://twitter.com/download/android\" rel=\"nofollow\">Twitter for Android</a>","sn_vk",10,TRUE,FALSE,NA,NA
"205","RT @NumbersUSA: Recent MPI Study reveals that \"the number of H-1B visas issued in fiscal year 2016 exceeded the cap of 85,000 by about threâ€¦",FALSE,0,NA,2018-03-30 20:42:42,FALSE,NA,"979821238276128768",NA,"<a href=\"http://twitter.com\" rel=\"nofollow\">Twitter Web Client</a>","TheRealUgom",35,TRUE,FALSE,NA,NA
"206","RT @NumbersUSA: Recent MPI Study reveals that \"the number of H-1B visas issued in fiscal year 2016 exceeded the cap of 85,000 by about threâ€¦",FALSE,0,NA,2018-03-30 20:42:29,FALSE,NA,"979821184652062720",NA,"<a href=\"http://twitter.com/download/iphone\" rel=\"nofollow\">Twitter for iPhone</a>","joshdrake777",35,TRUE,FALSE,NA,NA
"207","RT @NumbersUSA: Recent MPI Study reveals that \"the number of H-1B visas issued in fiscal year 2016 exceeded the cap of 85,000 by about threâ€¦",FALSE,0,NA,2018-03-30 20:38:26,FALSE,NA,"979820165713072133",NA,"<a href=\"http://twitter.com/download/iphone\" rel=\"nofollow\">Twitter for iPhone</a>","Robert_Fiore",35,TRUE,FALSE,NA,NA
"208","RT @NumbersUSA: Recent MPI Study reveals that \"the number of H-1B visas issued in fiscal year 2016 exceeded the cap of 85,000 by about threâ€¦",FALSE,0,NA,2018-03-30 20:37:08,FALSE,NA,"979819839362555904",NA,"<a href=\"http://twitter.com/download/iphone\" rel=\"nofollow\">Twitter for iPhone</a>","FieldRoamer",35,TRUE,FALSE,NA,NA
"209","RT @NumbersUSA: Recent MPI Study reveals that \"the number of H-1B visas issued in fiscal year 2016 exceeded the cap of 85,000 by about threâ€¦",FALSE,0,NA,2018-03-30 20:36:15,FALSE,NA,"979819616393465858",NA,"<a href=\"http://twitter.com/download/iphone\" rel=\"nofollow\">Twitter for iPhone</a>","Monie1948",35,TRUE,FALSE,NA,NA
"210","RT @ASanthaluri: @vamsiv58 @RonWyden @SenJeffMerkley Please cosponsor #S281 @RonWyden  @SenJeffMerkley 

This bill helps clearing #GCBackloâ€¦",FALSE,0,NA,2018-03-30 20:34:06,FALSE,NA,"979819077505044480",NA,"<a href=\"http://twitter.com/download/iphone\" rel=\"nofollow\">Twitter for iPhone</a>","mithunthegt",10,TRUE,FALSE,NA,NA
"211","RT @NumbersUSA: Recent MPI Study reveals that \"the number of H-1B visas issued in fiscal year 2016 exceeded the cap of 85,000 by about threâ€¦",FALSE,0,NA,2018-03-30 20:33:41,FALSE,NA,"979818971602993152",NA,"<a href=\"http://twitter.com/download/android\" rel=\"nofollow\">Twitter for Android</a>","CGDuck5",35,TRUE,FALSE,NA,NA
"212","RT @NumbersUSA: Recent MPI Study reveals that \"the number of H-1B visas issued in fiscal year 2016 exceeded the cap of 85,000 by about threâ€¦",FALSE,0,NA,2018-03-30 20:33:20,FALSE,NA,"979818883744980993",NA,"<a href=\"http://twitter.com\" rel=\"nofollow\">Twitter Web Client</a>","TheEndOfPC",35,TRUE,FALSE,NA,NA
"213","RT @NumbersUSA: Recent MPI Study reveals that \"the number of H-1B visas issued in fiscal year 2016 exceeded the cap of 85,000 by about threâ€¦",FALSE,0,NA,2018-03-30 20:31:41,FALSE,NA,"979818468810940422",NA,"<a href=\"http://twitter.com\" rel=\"nofollow\">Twitter Web Client</a>","advisingtrump2",35,TRUE,FALSE,NA,NA
"214","RT @NumbersUSA: Recent MPI Study reveals that \"the number of H-1B visas issued in fiscal year 2016 exceeded the cap of 85,000 by about threâ€¦",FALSE,0,NA,2018-03-30 20:31:09,FALSE,NA,"979818331841507328",NA,"<a href=\"http://twitter.com/#!/download/ipad\" rel=\"nofollow\">Twitter for iPad</a>","CalifQuail1969",35,TRUE,FALSE,NA,NA
"215","RT @NumbersUSA: Recent MPI Study reveals that \"the number of H-1B visas issued in fiscal year 2016 exceeded the cap of 85,000 by about threâ€¦",FALSE,0,NA,2018-03-30 20:30:35,FALSE,NA,"979818191588352001",NA,"<a href=\"http://twitter.com/download/iphone\" rel=\"nofollow\">Twitter for iPhone</a>","JesseWooten18",35,TRUE,FALSE,NA,NA
"216","Recent MPI Study reveals that \"the number of H-1B visas issued in fiscal year 2016 exceeded the cap of 85,000 by abâ€¦ https://t.co/bUmJ1ZRriR",FALSE,29,NA,2018-03-30 20:30:00,TRUE,NA,"979818044191985664",NA,"<a href=\"https://about.twitter.com/products/tweetdeck\" rel=\"nofollow\">TweetDeck</a>","NumbersUSA",35,FALSE,FALSE,NA,NA
"217","RT @vamsiv58: Please cosponsor #S281 @RonWyden  @SenJeffMerkley 

This bill helps clearing #GCBacklog 
and gives hope to hardworking #h1bviâ€¦",FALSE,0,NA,2018-03-30 19:58:10,FALSE,NA,"979810031913840642",NA,"<a href=\"http://twitter.com/download/iphone\" rel=\"nofollow\">Twitter for iPhone</a>","geminiux",48,TRUE,FALSE,NA,NA
"218","RT @vamsiv58: Please cosponsor #S281 @RonWyden  @SenJeffMerkley 

This bill helps clearing #GCBacklog 
and gives hope to hardworking #h1bviâ€¦",FALSE,0,NA,2018-03-30 19:56:31,FALSE,NA,"979809616010928128",NA,"<a href=\"https://mobile.twitter.com\" rel=\"nofollow\">Twitter Lite</a>","AK20127754",48,TRUE,FALSE,NA,NA
"219","RT @ASanthaluri: @vamsiv58 @RonWyden @SenJeffMerkley Please cosponsor #S281 @RonWyden  @SenJeffMerkley 

This bill helps clearing #GCBackloâ€¦",FALSE,0,NA,2018-03-30 19:54:49,FALSE,NA,"979809187814244353",NA,"<a href=\"http://twitter.com/download/android\" rel=\"nofollow\">Twitter for Android</a>","vamsiv58",10,TRUE,FALSE,NA,NA
"220","RT @vamsiv58: Please cosponsor #S281 @RonWyden  @SenJeffMerkley 

This bill helps clearing #GCBacklog 
and gives hope to hardworking #h1bviâ€¦",FALSE,0,NA,2018-03-30 19:49:15,FALSE,NA,"979807790872096768",NA,"<a href=\"http://twitter.com/download/iphone\" rel=\"nofollow\">Twitter for iPhone</a>","mithunthegt",48,TRUE,FALSE,NA,NA
"221","RT @vamsiv58: Please cosponsor #S281 @RonWyden  @SenJeffMerkley 

This bill helps clearing #GCBacklog 
and gives hope to hardworking #h1bviâ€¦",FALSE,0,NA,2018-03-30 19:46:42,FALSE,NA,"979807146861674497",NA,"<a href=\"http://twitter.com/download/iphone\" rel=\"nofollow\">Twitter for iPhone</a>","Manisha98352957",48,TRUE,FALSE,NA,NA
"222","RT @vamsiv58: Please cosponsor #S281 @RonWyden  @SenJeffMerkley 

This bill helps clearing #GCBacklog 
and gives hope to hardworking #h1bviâ€¦",FALSE,0,NA,2018-03-30 19:09:09,FALSE,NA,"979797697799450624",NA,"<a href=\"http://twitter.com/download/android\" rel=\"nofollow\">Twitter for Android</a>","priyaursal",48,TRUE,FALSE,NA,NA
"223","Want more chances getting an H1b visa this year? Ask multiple employers to submit an #H1b visa request for you |â€¦ https://t.co/Rcs4XtmCVb",FALSE,0,NA,2018-03-30 16:30:15,TRUE,NA,"979757709334663168",NA,"<a href=\"https://ifttt.com\" rel=\"nofollow\">IFTTT</a>","immigrationvisa",0,FALSE,FALSE,NA,NA
"224","The specificity of the information requested will spark additional requests for evidence, and in turn, visa petitioâ€¦ https://t.co/ZxdVzDd7G9",FALSE,0,NA,2018-03-30 16:00:02,TRUE,NA,"979750102968418305",NA,"<a href=\"https://about.twitter.com/products/tweetdeck\" rel=\"nofollow\">TweetDeck</a>","CIOdive",0,FALSE,FALSE,NA,NA
"225","East Coast, #Texas employ highest number of #h1bvisa workers 
https://t.co/HjrQE3aKFG",FALSE,0,NA,2018-03-30 05:16:15,FALSE,NA,"979588089856184320",NA,"<a href=\"http://twitter.com\" rel=\"nofollow\">Twitter Web Client</a>","kpimmigration",0,FALSE,FALSE,NA,NA
"226","https://t.co/BU3TxyRN2m  #www.amplifysystems.com #H4EAD #GC-EAD #GreenCard #USCitizens #OPT-EAD #TN-VISA #h1bvisaâ€¦ https://t.co/h6iSZCqCKe",FALSE,0,NA,2018-03-30 04:33:17,TRUE,NA,"979577277083148294",NA,"<a href=\"http://twitter.com\" rel=\"nofollow\">Twitter Web Client</a>","Amplifysystem",0,FALSE,FALSE,NA,NA
"227","H1B visa time again? time to call immigration attorney Nelisse to ask about new I-129 fees https://t.co/75jKmz7jKMâ€¦ https://t.co/BA9wHVpAsB",FALSE,5,NA,2018-03-29 23:30:16,TRUE,NA,"979501022291877889",NA,"<a href=\"https://ifttt.com\" rel=\"nofollow\">IFTTT</a>","immigrationvisa",0,FALSE,FALSE,NA,NA
"228","A year of fear: Immigration policy under TrumpÂ #immigrationlaw #daca #h1bvisa #h4visa #tnvisaâ€¦ https://t.co/P8ifkVIN0v",FALSE,0,NA,2018-03-29 23:29:04,TRUE,NA,"979500718095659008",NA,"<a href=\"http://www.linkedin.com/\" rel=\"nofollow\">LinkedIn</a>","EliKantorLaw",0,FALSE,FALSE,NA,NA
"229","Report unpacks trends in the H-1B visa programÂ #immigrationlaw #h1bvisa https://t.co/0y69ElkV1C https://t.co/AauCAtViD5",FALSE,0,NA,2018-03-29 23:27:35,FALSE,NA,"979500345012363264",NA,"<a href=\"http://www.linkedin.com/\" rel=\"nofollow\">LinkedIn</a>","EliKantorLaw",0,FALSE,FALSE,NA,NA
"230","RT @vamsiv58: Every #h1bvisa holder stuck in #GCBacklog knows how painful it is to not just wait inevitably but also staying in the same joâ€¦",FALSE,0,NA,2018-03-29 21:42:16,FALSE,NA,"979473844602728448",NA,"<a href=\"http://twitter.com/download/android\" rel=\"nofollow\">Twitter for Android</a>","priyaursal",23,TRUE,FALSE,NA,NA
"231","RT @keepUSinnovativ: Smart people exist #globally &amp; most not w/in the #US. There is no exclusive deal for recruiting them. If we want the nâ€¦",FALSE,0,NA,2018-03-29 21:31:12,FALSE,NA,"979471055621369856",NA,"<a href=\"http://twitter.com/download/iphone\" rel=\"nofollow\">Twitter for iPhone</a>","sameer12sa",3,TRUE,FALSE,NA,NA
"232","Hey @SFBART: the anti-immigrant signs that youâ€™ve allowed to plaster stations are anti-San Francisco and anti-techâ€¦ https://t.co/MHUkwK3Gqx",FALSE,4,NA,2018-03-29 16:46:44,TRUE,NA,"979399469501313024",NA,"<a href=\"http://twitter.com/download/iphone\" rel=\"nofollow\">Twitter for iPhone</a>","kristingilliss",0,FALSE,FALSE,NA,NA
"233","Want more chances getting an H1b visa this year? Ask multiple employers to submit an #H1b visa request for you |â€¦ https://t.co/cTnthPWeZy",FALSE,0,NA,2018-03-29 16:30:25,TRUE,NA,"979395363114225667",NA,"<a href=\"https://ifttt.com\" rel=\"nofollow\">IFTTT</a>","immigrationvisa",0,FALSE,FALSE,NA,NA
"234","Canada has tried to take advantage of President Trump's immigration crackdown using a campaign to attract high-skilâ€¦ https://t.co/WN61M9XCTJ",FALSE,0,"mohindra_gaurav",2018-03-29 14:57:12,TRUE,"979371904065732608","979371905311543296","928686357991616512","<a href=\"http://twitter.com\" rel=\"nofollow\">Twitter Web Client</a>","mohindra_gaurav",0,FALSE,FALSE,NA,NA
"235","https://t.co/BU3TxyRN2m #www.amplifysystems.com #H4EAD #GC-EAD #GreenCard #USCitizens #OPT-EAD #TN-VISA #h1bvisaâ€¦ https://t.co/daMkDu6zUP",FALSE,0,NA,2018-03-29 04:54:52,TRUE,NA,"979220324058202112",NA,"<a href=\"http://twitter.com\" rel=\"nofollow\">Twitter Web Client</a>","Amplifysystem",0,FALSE,FALSE,NA,NA
"236","H1B visa time again? time to call immigration attorney Nelisse to ask about new I-129 fees https://t.co/75jKmz7jKMâ€¦ https://t.co/NlD8HsI3nH",FALSE,4,NA,2018-03-28 23:30:37,TRUE,NA,"979138720766005248",NA,"<a href=\"https://ifttt.com\" rel=\"nofollow\">IFTTT</a>","immigrationvisa",0,FALSE,FALSE,NA,NA
"237","RT @keepUSinnovativ: Smart people exist #globally &amp; most not w/in the #US. There is no exclusive deal for recruiting them. If we want the nâ€¦",FALSE,0,NA,2018-03-28 23:15:57,FALSE,NA,"979135031103950852",NA,"<a href=\"http://twitter.com/download/iphone\" rel=\"nofollow\">Twitter for iPhone</a>","sudsravi",3,TRUE,FALSE,NA,NA
"238","RT @keepUSinnovativ: Smart people exist #globally &amp; most not w/in the #US. There is no exclusive deal for recruiting them. If we want the nâ€¦",FALSE,0,NA,2018-03-28 23:11:01,FALSE,NA,"979133789854224384",NA,"<a href=\"http://twitter.com/download/iphone\" rel=\"nofollow\">Twitter for iPhone</a>","shitalk2018",3,TRUE,FALSE,NA,NA
"239","Smart people exist #globally &amp; most not w/in the #US. There is no exclusive deal for recruiting them. If we want thâ€¦ https://t.co/m9Mye1cXsw",FALSE,1,NA,2018-03-28 20:20:01,TRUE,NA,"979090757251411968",NA,"<a href=\"http://twitter.com\" rel=\"nofollow\">Twitter Web Client</a>","keepUSinnovativ",3,FALSE,FALSE,NA,NA
"240","US has tightened #h1bvisa rules. Watch the full video and learn whatÂ 
H-1B visa applicants should do if they are apâ€¦ https://t.co/MfEQw2ulvU",FALSE,1,NA,2018-03-28 18:17:34,TRUE,NA,"979059941653663744",NA,"<a href=\"http://twitter.com/download/iphone\" rel=\"nofollow\">Twitter for iPhone</a>","AnuAttorney",0,FALSE,FALSE,NA,NA
"241","RT @H1bGyan: Australian visa: Australia abolishes skilled expat workersâ€™ visas popular with Indians - Times of India https://t.co/QtGLbnJNOâ€¦",FALSE,0,NA,2018-03-28 17:25:22,FALSE,NA,"979046801952116736",NA,"<a href=\"http://twitter.com/download/iphone\" rel=\"nofollow\">Twitter for iPhone</a>","ToriSpeaks007",14,TRUE,FALSE,NA,NA
"242","Want more chances getting an H1b visa this year? Ask multiple employers to submit an #H1b visa request for you |â€¦ https://t.co/ow387druyF",FALSE,0,NA,2018-03-28 16:30:16,TRUE,NA,"979032935755022342",NA,"<a href=\"https://ifttt.com\" rel=\"nofollow\">IFTTT</a>","immigrationvisa",0,FALSE,FALSE,NA,NA
"243","RT @H1bGyan: Australian visa: Australia abolishes skilled expat workersâ€™ visas popular with Indians - Times of India https://t.co/QtGLbnJNOâ€¦",FALSE,0,NA,2018-03-28 15:22:20,FALSE,NA,"979015839461658624",NA,"<a href=\"https://mobile.twitter.com\" rel=\"nofollow\">Twitter Lite</a>","katiecgoldsmith",14,TRUE,FALSE,NA,NA
"244","RT @SweSrip: @iSquaredAct #H4EAD = easy way out to get jobs in the US.. how so? get married, come to the US, fake resumes, fake experience,â€¦",FALSE,0,NA,2018-03-28 14:57:19,FALSE,NA,"979009547481370626",NA,"<a href=\"http://twitter.com/download/android\" rel=\"nofollow\">Twitter for Android</a>","Success87473781",25,TRUE,FALSE,NA,NA
"245","RT @H1bGyan: Australian visa: Australia abolishes skilled expat workersâ€™ visas popular with Indians - Times of India https://t.co/QtGLbnJNOâ€¦",FALSE,0,NA,2018-03-28 11:44:57,FALSE,NA,"978961133590622209",NA,"<a href=\"https://mobile.twitter.com\" rel=\"nofollow\">Twitter Lite</a>","cej5001",14,TRUE,FALSE,NA,NA
"246","RT @H1bGyan: Australian visa: Australia abolishes skilled expat workersâ€™ visas popular with Indians - Times of India https://t.co/QtGLbnJNOâ€¦",FALSE,0,NA,2018-03-28 11:35:43,FALSE,NA,"978958812471267332",NA,"<a href=\"https://mobile.twitter.com\" rel=\"nofollow\">Twitter Lite</a>","SCINTLE",14,TRUE,FALSE,NA,NA
"247","RT @H1bGyan: Australian visa: Australia abolishes skilled expat workersâ€™ visas popular with Indians - Times of India https://t.co/QtGLbnJNOâ€¦",FALSE,0,NA,2018-03-28 11:20:01,FALSE,NA,"978954862028316673",NA,"<a href=\"http://twitter.com/download/android\" rel=\"nofollow\">Twitter for Android</a>","Texanlolly",14,TRUE,FALSE,NA,NA
"248","RT @H1bGyan: Australian visa: Australia abolishes skilled expat workersâ€™ visas popular with Indians - Times of India https://t.co/QtGLbnJNOâ€¦",FALSE,0,NA,2018-03-28 11:02:33,FALSE,NA,"978950466649427969",NA,"<a href=\"http://twitter.com/download/iphone\" rel=\"nofollow\">Twitter for iPhone</a>","SagarYogendra",14,TRUE,FALSE,NA,NA
"249","RT @vamsiv58: Every #h1bvisa holder stuck in #GCBacklog knows how painful it is to not just wait inevitably but also staying in the same joâ€¦",FALSE,0,NA,2018-03-28 09:33:23,FALSE,NA,"978928023901745152",NA,"<a href=\"https://mobile.twitter.com\" rel=\"nofollow\">Twitter Lite</a>","ShaluSajin",23,TRUE,FALSE,NA,NA
"250","RT @H1bGyan: Australian visa: Australia abolishes skilled expat workersâ€™ visas popular with Indians - Times of India https://t.co/QtGLbnJNOâ€¦",FALSE,0,NA,2018-03-28 08:04:09,FALSE,NA,"978905568277618689",NA,"<a href=\"http://twitter.com/download/iphone\" rel=\"nofollow\">Twitter for iPhone</a>","aintgotnotim_e4",14,TRUE,FALSE,NA,NA
"251","https://t.co/BU3Txz9oqW  #www.amplifysystems.com #H4EAD #GC-EAD #GreenCard #USCitizens #OPT-EAD #TN-VISA #h1bvisaâ€¦ https://t.co/8BKcv7kXCm",FALSE,1,NA,2018-03-28 05:25:07,TRUE,NA,"978865548049166339",NA,"<a href=\"http://twitter.com\" rel=\"nofollow\">Twitter Web Client</a>","Amplifysystem",0,FALSE,FALSE,NA,NA
"252","RT @H1bGyan: Australian visa: Australia abolishes skilled expat workersâ€™ visas popular with Indians - Times of India https://t.co/QtGLbnJNOâ€¦",FALSE,0,NA,2018-03-28 04:41:34,FALSE,NA,"978854585736552448",NA,"<a href=\"https://mobile.twitter.com\" rel=\"nofollow\">Twitter Lite</a>","BabakDarvish",14,TRUE,FALSE,NA,NA
"253","RT @H1bGyan: Australian visa: Australia abolishes skilled expat workersâ€™ visas popular with Indians - Times of India https://t.co/QtGLbnJNOâ€¦",FALSE,0,NA,2018-03-28 04:24:17,FALSE,NA,"978850238667608064",NA,"<a href=\"https://mobile.twitter.com\" rel=\"nofollow\">Twitter Lite</a>","Spiritof1620",14,TRUE,FALSE,NA,NA
"254","RT @H1bGyan: Australian visa: Australia abolishes skilled expat workersâ€™ visas popular with Indians - Times of India https://t.co/QtGLbnJNOâ€¦",FALSE,0,NA,2018-03-28 04:21:33,FALSE,NA,"978849547869917184",NA,"<a href=\"http://twitter.com/download/android\" rel=\"nofollow\">Twitter for Android</a>","NavedTX",14,TRUE,FALSE,NA,NA
"255","RT @H1bGyan: Australian visa: Australia abolishes skilled expat workersâ€™ visas popular with Indians - Times of India https://t.co/QtGLbnJNOâ€¦",FALSE,0,NA,2018-03-28 02:55:27,FALSE,NA,"978827880804356096",NA,"<a href=\"http://twitter.com/download/iphone\" rel=\"nofollow\">Twitter for iPhone</a>","lord_curzon",14,TRUE,FALSE,NA,NA
"256","RT @H1bGyan: Australian visa: Australia abolishes skilled expat workersâ€™ visas popular with Indians - Times of India https://t.co/QtGLbnJNOâ€¦",FALSE,0,NA,2018-03-28 02:33:26,FALSE,NA,"978822339449192450",NA,"<a href=\"http://twitter.com/download/iphone\" rel=\"nofollow\">Twitter for iPhone</a>","watinsky",14,TRUE,FALSE,NA,NA
"257","H1B visa time again? time to call immigration attorney Nelisse to ask about new I-129 fees https://t.co/75jKmyPImcâ€¦ https://t.co/xvOj3MnNwm",FALSE,6,NA,2018-03-27 23:30:24,TRUE,NA,"978776277577490434",NA,"<a href=\"https://ifttt.com\" rel=\"nofollow\">IFTTT</a>","immigrationvisa",0,FALSE,FALSE,NA,NA
"258","RT @h4visaacurse: Luring foreign students on the name of finest education and #H1Bvisa, which takes 70 years for a  #GreenCard to arrive í ½í¸•Yâ€¦",FALSE,0,NA,2018-03-27 17:25:43,FALSE,NA,"978684505232850944",NA,"<a href=\"http://twitter.com/download/iphone\" rel=\"nofollow\">Twitter for iPhone</a>","Manisha98352957",167,TRUE,FALSE,NA,NA
"259","RT @carolmystic: USA is not an employment agency of #India They need to severely curtail their explosive population growth #UnitedNations #â€¦",FALSE,0,NA,2018-03-27 17:11:34,FALSE,NA,"978680943945793536",NA,"<a href=\"http://twitter.com\" rel=\"nofollow\">Twitter Web Client</a>","abuzaidansari",2,TRUE,FALSE,NA,NA
"260","Want more chances getting an H1b visa this year? Ask multiple employers to submit an #H1b visa request for you |â€¦ https://t.co/OqJCgSWDzc",FALSE,0,NA,2018-03-27 16:30:24,TRUE,NA,"978670581674516480",NA,"<a href=\"https://ifttt.com\" rel=\"nofollow\">IFTTT</a>","immigrationvisa",0,FALSE,FALSE,NA,NA
"261","RT @tomofsnj: #Gerrymandering
Many posters state this is really an issue of #illegals.  Today #CNBC has a story on #GE &amp; how badly they areâ€¦",FALSE,0,NA,2018-03-27 14:44:30,FALSE,NA,"978643934489563136",NA,"<a href=\"http://twitter.com/download/iphone\" rel=\"nofollow\">Twitter for iPhone</a>","ShortbusMooner",1,TRUE,FALSE,NA,NA
"262","#Gerrymandering
Many posters state this is really an issue of #illegals.  Today #CNBC has a story on #GE &amp; how badlâ€¦ https://t.co/m1wcKDGgPQ",FALSE,1,NA,2018-03-27 14:18:36,TRUE,NA,"978637414653743104",NA,"<a href=\"http://twitter.com\" rel=\"nofollow\">Twitter Web Client</a>","tomofsnj",1,FALSE,FALSE,NA,NA
"263","@wood1448 @GregAbbott_TX but Indians only hire other Indians especially for the top tier jobs. So you're happy yourâ€¦ https://t.co/GHymttiPo3",FALSE,2,"wood1448",2018-03-27 12:42:24,TRUE,"978471143203098624","978613205877645312","2197348691","<a href=\"http://twitter.com\" rel=\"nofollow\">Twitter Web Client</a>","Texastweetybird",0,FALSE,FALSE,NA,NA
"264","https://t.co/BU3TxyRN2m  #www.amplifysystems.com #H4EAD #GC-EAD #GreenCard  #USCitizens #OPT-EAD #TN-VISA #h1bvisaâ€¦ https://t.co/CC1QPxX1oY",FALSE,1,NA,2018-03-27 11:53:09,TRUE,NA,"978600811470057472",NA,"<a href=\"http://twitter.com\" rel=\"nofollow\">Twitter Web Client</a>","Amplifysystem",0,FALSE,FALSE,NA,NA
"265","Tightening US citizenship regime hits #AmericanDream of desis. While Indian governments couldn't do much to haltâ€¦ https://t.co/nr9wkChhmx",FALSE,0,NA,2018-03-27 06:01:17,TRUE,NA,"978512259369590784",NA,"<a href=\"http://twitter.com\" rel=\"nofollow\">Twitter Web Client</a>","arun4friends",0,FALSE,FALSE,NA,NA
"266","RT @kairaca: #SiliconValley #Jobs Going to #International #Globetrotting #Workers #Visas #h1bvisa  https://t.co/LMdAysYDVs",FALSE,0,NA,2018-03-27 04:48:33,FALSE,NA,"978493955888308224",NA,"<a href=\"https://hamiltonvcs.com\" rel=\"nofollow\">HamiltonSurfer</a>","NeoVenturism",1,TRUE,FALSE,NA,NA
"267","RT @vamsiv58: Please cosponsor #S281 @RonWyden  @SenJeffMerkley 

This bill helps clearing #GCBacklog 
and gives hope to hardworking #h1bviâ€¦",FALSE,0,NA,2018-03-27 04:48:27,FALSE,NA,"978493931225624576",NA,"<a href=\"http://twitter.com/download/android\" rel=\"nofollow\">Twitter for Android</a>","TRATNAM",48,TRUE,FALSE,NA,NA
"268","#SiliconValley #Jobs Going to #International #Globetrotting #Workers #Visas #h1bvisa  https://t.co/LMdAysYDVs",FALSE,0,NA,2018-03-27 04:42:43,FALSE,NA,"978492488737480705",NA,"<a href=\"http://twitter.com/download/iphone\" rel=\"nofollow\">Twitter for iPhone</a>","kairaca",1,FALSE,FALSE,NA,NA
"269","RT @H1bGyan: Australian visa: Australia abolishes skilled expat workersâ€™ visas popular with Indians - Times of India https://t.co/QtGLbnJNOâ€¦",FALSE,0,NA,2018-03-27 03:48:29,FALSE,NA,"978478841072144384",NA,"<a href=\"http://twitter.com/download/android\" rel=\"nofollow\">Twitter for Android</a>","Success87473781",14,TRUE,FALSE,NA,NA
"270","RT @H1bGyan: Not just Indians #H4Dreamers #h1bvisa https://t.co/ofuLNbeMVY",FALSE,0,NA,2018-03-27 02:44:34,FALSE,NA,"978462757388476418",NA,"<a href=\"http://twitter.com/download/android\" rel=\"nofollow\">Twitter for Android</a>","yadnesh88",19,TRUE,FALSE,NA,NA
"271","H1B visa time again? time to call immigration attorney Nelisse to ask about new I-129 fees https://t.co/75jKmz7jKMâ€¦ https://t.co/gSkksAmMTj",FALSE,0,NA,2018-03-26 23:30:21,TRUE,NA,"978413877192024064",NA,"<a href=\"https://ifttt.com\" rel=\"nofollow\">IFTTT</a>","immigrationvisa",0,FALSE,FALSE,NA,NA
"272","#ICYMI from @firstpost: Last week anti-#H1B posters were put up in the heart of Silicon Valley's train network â€“ riâ€¦ https://t.co/fYxWwRoR1i",FALSE,0,NA,2018-03-26 19:09:20,TRUE,NA,"978348190364823553",NA,"<a href=\"http://www.hubspot.com/\" rel=\"nofollow\">HubSpot</a>","envoyglobal",0,FALSE,FALSE,NA,NA
"273","Australian visa: Australia abolishes skilled expat workersâ€™ visas popular with Indians - Times of Indiaâ€¦ https://t.co/xOvzUXB6Hn",FALSE,12,NA,2018-03-26 17:56:45,TRUE,NA,"978329925894590464",NA,"<a href=\"http://twitter.com/download/iphone\" rel=\"nofollow\">Twitter for iPhone</a>","H1bGyan",14,FALSE,FALSE,NA,NA
"274","RT @vamsiv58: Please cosponsor #S281 @RonWyden  @SenJeffMerkley 

This bill helps clearing #GCBacklog 
and gives hope to hardworking #h1bviâ€¦",FALSE,0,NA,2018-03-26 17:14:58,FALSE,NA,"978319410871054340",NA,"<a href=\"https://mobile.twitter.com\" rel=\"nofollow\">Twitter Lite</a>","Yogee_007",48,TRUE,FALSE,NA,NA
"275","RT @vamsiv58: Every #h1bvisa holder stuck in #GCBacklog knows how painful it is to not just wait inevitably but also staying in the same joâ€¦",FALSE,0,NA,2018-03-26 17:13:41,FALSE,NA,"978319087033036800",NA,"<a href=\"https://mobile.twitter.com\" rel=\"nofollow\">Twitter Lite</a>","Yogee_007",23,TRUE,FALSE,NA,NA
"276","Want more chances getting an H1b visa this year? Ask multiple employers to submit an #H1b visa request for you |â€¦ https://t.co/2hd2T6zIm8",FALSE,0,NA,2018-03-26 16:30:21,TRUE,NA,"978308180865372162",NA,"<a href=\"https://ifttt.com\" rel=\"nofollow\">IFTTT</a>","immigrationvisa",0,FALSE,FALSE,NA,NA
"277","The specificity of the information requested will spark additional requests for evidence, and in turn, visa petitioâ€¦ https://t.co/rX5O2gUata",FALSE,0,NA,2018-03-26 15:00:00,TRUE,NA,"978285447234306050",NA,"<a href=\"https://about.twitter.com/products/tweetdeck\" rel=\"nofollow\">TweetDeck</a>","CIOdive",0,FALSE,FALSE,NA,NA
"278","@MilosParrots Well, the alternative was Hillary.  I'm not seeing any action on the #h1bvisa front and any action thâ€¦ https://t.co/xxjY8ol567",FALSE,0,"MilosParrots",2018-03-26 13:31:20,TRUE,"978230419354275841","978263132735930369","99170887","<a href=\"http://twitter.com\" rel=\"nofollow\">Twitter Web Client</a>","GunGator",0,FALSE,FALSE,NA,NA
"279","RT @Amplifysystem: https://t.co/BU3TxyRN2m   #www.amplifysystems.com #H4EAD #GC-EAD #GreenCard #USCitizens #OPT-EAD #TN-VISA #h1bvisa #H1Bâ€¦",FALSE,0,NA,2018-03-26 04:50:19,FALSE,NA,"978132012182790144",NA,"<a href=\"https://github.com/AbhiRKeesara/TwitterBots.git\" rel=\"nofollow\">appdev tweets</a>","iOSdevTweets",1,TRUE,FALSE,NA,NA
"280","https://t.co/BU3TxyRN2m   #www.amplifysystems.com #H4EAD #GC-EAD #GreenCard #USCitizens #OPT-EAD #TN-VISA #h1bvisaâ€¦ https://t.co/NGXN3Y5Uaq",FALSE,2,NA,2018-03-26 04:46:55,TRUE,NA,"978131156091596800",NA,"<a href=\"http://twitter.com\" rel=\"nofollow\">Twitter Web Client</a>","Amplifysystem",1,FALSE,FALSE,NA,NA
"281","H1B visa time again? time to call immigration attorney Nelisse to ask about new I-129 fees https://t.co/75jKmz7jKMâ€¦ https://t.co/HHa0MZQ49L",FALSE,0,NA,2018-03-25 23:30:09,TRUE,NA,"978051440030740485",NA,"<a href=\"https://ifttt.com\" rel=\"nofollow\">IFTTT</a>","immigrationvisa",0,FALSE,FALSE,NA,NA
"282","#h1bvisa Approval Rates by year from FY 2007 to 2017. https://t.co/sFf7GqZaz0",FALSE,0,NA,2018-03-25 22:13:17,FALSE,NA,"978032096206757888",NA,"<a href=\"http://twitter.com\" rel=\"nofollow\">Twitter Web Client</a>","naashonomics",0,FALSE,FALSE,NA,NA
"283","#h1bvisa  Filings by Country from FY 2007 to FY 2017 https://t.co/b3CTJrlg9G",FALSE,0,NA,2018-03-25 22:11:42,FALSE,NA,"978031699232632832",NA,"<a href=\"http://twitter.com\" rel=\"nofollow\">Twitter Web Client</a>","naashonomics",0,FALSE,FALSE,NA,NA
"284","#h1bvisa https://t.co/ABHCCTy07v",FALSE,0,NA,2018-03-25 17:11:09,FALSE,NA,"977956063302635521",NA,"<a href=\"http://twitter.com/download/iphone\" rel=\"nofollow\">Twitter for iPhone</a>","H1bGyan",0,FALSE,FALSE,NA,NA
"285","Want more chances getting an H1b visa this year? Ask multiple employers to submit an #H1b visa request for you |â€¦ https://t.co/UxhQRyFpCw",FALSE,1,NA,2018-03-25 16:30:24,TRUE,NA,"977945806035709952",NA,"<a href=\"https://ifttt.com\" rel=\"nofollow\">IFTTT</a>","immigrationvisa",0,FALSE,FALSE,NA,NA
