abandoning latest,2
able protect,1
able renegotiate,20
abril en,1
abril enfoque,2
abril por,8
abuse data,2
abuse later,28
abuse makes,12
abuse massive,12
abuse via,1
acanthus leaves,1
acceso los,1
access data,36
access password,2
access request,2
accessed without,2
accessing private,1
according careful,1
according shareholder,4
account facebook,1
account information,1
account thousands,2
accounts linked,1
accounts pages,1
across office,3
act like,1
act shocked,1
acted years,2
acting like,1
action sue,2
action taken,1
actionable steps,2
actions cambridge,17
active voter,14
actively using,2
activity believe,3
actual fb,6
ad regulation,4
ad supported,2
ad ways,1
address cripples,12
address security,1
addressed years,2
adecuada para,1
admet que,3
admit insider,1
admits asking,6
admits billion,2
admits collects,1
admits contact,154
admits facebook,1
admits information,1
admits scanning,2
admits scans,15
admits spying,2
admits wiped,12
ads facebook,4
ads issues,2
ads need,2
ads shown,1
adults wear,1
advantage people,2
advantage trusting,2
advertisements videos,1
advertiser wants,2
advertisers spent,1
advice wake,4
advise consult,2
adviser pinning,2
advocate extrajudicial,6
aerial view,1
afectadas por,2
afectado por,14
afectados por,70
affaire jette,2
affect us,4
affected cambridge,1
affected company,1
affected data,4
affected leak,4
affected million,4
affected privacy,1
affects eu,2
afirma que,1
ago allowed,4
ago follow,2
agree testify,6
agreements whether,2
agrees testify,1
agsinst mny,1
ahora corrige,2
al menos,1
alfa server,2
algunos solucionar,2
alleged electoral,34
alleged lo,2
alleged thanking,2
alleging social,4
allen aura,1
allow pencil,1
allowed cambridge,2
allowed information,2
allowing harvest,1
almost like,8
along made,2
along rest,4
already boarded,2
already deep,1
already personal,18
also affects,2
also included,2
also involved,2
also mantra,1
also private,1
also run,2
also testify,2
also used,10
also wants,1
although uncomfortable,1
alum illustrates,1
always assumed,1
always collude,10
always roads,2
always suspected,1
ambos del,2
america grandfather,1
america war,2
american users,3
amigos y,1
among organisations,1
amount data,2
amway matthew,3
analizados mediante,2
analizo el,2
analytica affected,4
analytica aux,3
analytica data,1
analytica en,3
analytica facebook,2
analytica harvested,9
analytica leak,1
analytica million,1
analytica misusing,4
analytica problem,1
analytica rt,1
analytica scandal,6
analytica think,10
analytica trabajado,12
analytica tuvo,1
analytica uk,96
andrew van,2
announced last,4
announcement business,3
announces overhaul,2
announces support,2
anointed placed,1
anonymized data,106
another cat,2
another great,1
another look,3
another perspective,1
another reason,72
another set,1
answer falling,1
answer questions,3
answers defiant,1
ante congreso,4
ante el,13
ante fuga,1
antes fue,1
antithetical basically,1
anyone else,3
anyone ever,2
anyone facebook,1
anyone living,4
anyone waiting,1
anything nice,6
aparte de,1
aplicaciones en,1
aplicaciones que,4
apologized social,2
apology tour,1
app identical,3
apparently facebook,1
appear house,2
appeared include,1
appears congress,1
appears saying,1
appears someone,1
applauded big,1
apple ceo,3
apple disassociating,1
apple dont,1
apple facebook,1
apple tim,1
apply eu,1
apply gdpr,1
apps using,2
aprender sabe,1
april consumer,1
april facing,2
april featuring,6
april house,1
april let,1
april set,1
april testimony,2
aprile silk,1
aqua mint,1
aqua multi,1
aqua opal,1
aqua sapphire,1
arabesque shabby,1
aragonese flame,1
ardent user,1
area rushed,1
armond silk,1
around attacks,2
around get,2
around mind,3
around nation,2
art deco,2
article collected,2
article listing,4
articulo publicado,2
asegura que,3
ask force,1
ask legal,1
ask mercer,2
ask representative,1
ask zuckerberg,1
asked conditions,4
asked fb,1
asked great,2
asked several,108
asked still,1
asking hospitals,6
asking movie,1
asking wrong,30
asks billion,4
asks zuck,66
aspnix web,1
assange scheduled,100
asshole come,1
associate names,4
assume public,2
assumed email,1
assurances provided,4
asume que,2
attendee fellow,2
attention capturing,1
attention nigerian,3
attention president,1
audience hubs,2
audiences link,2
audiencia se,2
audit learning,4
auditor alfa,2
aura embroidered,1
australian facebook,2
authorities used,1
authority warned,4
aux de,3
available check,4
available plain,1
avant facebook,4
avec plusieurs,4
avisan que,3
avoid getting,1
aware ignored,2
away contemplating,2
awesome new,1
b nice,2
b put,1
back apple,1
back back,3
back ceo,1
back charges,1
back comments,2
back criticism,2
back days,3
back explains,2
back history,1
back real,2
back tim,2
bad idea,2
bad nasty,2
bad privacy,1
bad rep,2
bad things,2
bag hot,1
bail one,1
bajo la,2
baker puma,1
bankrolled stole,2
bannon breitbart,4
bannon cambridge,2
bargello flamestitch,1
baroque castleton,1
baseball would,1
based according,1
bashes comments,1
basically go,1
basically means,1
bbq changes,1
bc privacy,12
beacon hill,2
beaucoup plus,2
became famous,1
became popular,2
became uk,28
become damn,1
becomes embodiment,1
bee textured,1
beef process,1
beginning creation,1
beginning engender,2
begins weaponizing,2
behind cambridge,1
behind devious,18
behold dad,2
beige cream,1
beige gold,2
beige red,1
believe find,1
believe freedom,4
believe people,5
believe word,1
believes info,1
believes north,2
bellesa embroidered,1
bench player,1
benefiting society,1
best job,1
best person,2
bet dam,1
better think,2
beyond eu,1
bias interfering,1
bias political,1
big abused,1
big brother,5
big data,1
big difference,1
big event,2
big follow,2
big implication,2
big important,2
big including,1
big tech,1
bigotry financial,14
bill gates,1
billion facebook,5
billion tariffs,4
billion users,28
billion washed,1
billionaire made,1
billionaire nazi,10
bing metacrawler,1
birds fly,1
birds linen,1
bitcoin crypto,1
black multi,2
black via,2
black white,1
blame remoners,2
blaming moscow,2
blasted vote,3
blind paying,1
block list,1
blockchain technology,1
blog decision,4
blog post,2
blood water,1
blowers liberal,2
blue gold,1
blue green,1
blue marine,1
blue multi,1
blue omber,1
blue onyx,1
blue via,1
blue white,1
blunted worst,1
boa mundo,1
board changes,1
board needs,1
boarded looks,2
boasted getting,194
body police,1
bolt aqua,1
bolt blue,1
bolt passion,1
bolt rose,1
bolt shabby,1
bombshell facebook,2
bongo reportedly,10
boris johnson,154
boss demands,1
boss issues,1
bot see,1
bother writing,2
bots social,8
bought bunch,3
bought sold,18
bounce back,1
bouquets italian,1
bouquets linen,1
boy idiot,1
brave please,2
breach could,4
breach years,2
breaches instead,2
breadth depth,2
breaking la,1
breech everyone,5
breitbart helped,2
brexit oppose,4
brief pictorial,1
briefing via,1
bring greater,2
british refusing,2
british went,6
brocade fabric,4
brocade lampas,1
broke fix,1
bronze honey,1
brother knows,1
brother sector,2
brother watching,1
brought light,1
brown cream,1
brunschwig fils,1
brushing personal,1
buffalo check,1
built feature,4
bullies using,1
bullshit ico,2
bunch land,3
burgundy gold,2
business practices,1
butterfly explosion,1
buy fucking,1
buy may,1
buy new,1
buy stock,1
buying neighboring,2
buys houses,3
ca also,2
call mark,2
call product,4
call text,1
called enough,2
called jokerstash,4
called muslims,2
calling board,1
calling regulation,3
calls heads,1
cambia la,1
cambridge analytica,164
cambridge cause,1
cambridge data,2
cambridge facebook,17
cambridge flaw,15
cambridge o,2
cambridge un,2
came got,1
camera recording,1
campaign contributions,4
campaign including,4
campaign like,22
campaign team,36
campaign using,2
campaigner reveals,36
canadian consultancy,6
canadiana elizabeth,2
canadians affected,1
canadiens le,2
candidate running,36
candidato del,2
canovas moroccan,1
canovas persian,1
cant get,2
cap two,4
capitol hill,1
caption mysterious,10
capturing attention,1
card delta,1
card last,1
care enough,2
care got,2
care scl,6
careful download,4
careful turning,1
careful wish,1
carlota embroidered,2
cartoon gary,3
cartoon tom,3
case congress,2
case study,2
cases data,2
casi mil,14
caso analytica,14
caso cuyos,2
caso de,9
caso y,1
castello aragonese,1
castleton damask,1
cat fight,2
catalonia region,2
catastrophe platform,1
cautious blaming,2
cdps audience,2
ce matin,2
ce que,4
cease anyone,1
celadon green,1
celebrating big,2
celebrities like,4
ceo de,2
ceo dijo,1
ceo fires,1
ceo hits,1
ceo mark,34
ceo model,1
ceo need,3
ceo refuses,2
ceo says,2
ceo testify,16
ceo testifying,2
ceo thinks,1
ceo via,2
ceo view,2
cerca de,2
chairman facebook,1
chairman role,1
chairman scared,2
challenges pissing,1
chance ask,2
change big,1
change forever,1
change information,2
change lot,2
change privacy,3
changed hell,2
changes dealbook,1
changes fb,1
changes terms,1
changes transparency,2
charge choice,1
charged running,1
charged stealing,1
charges say,1
chased butterfly,1
check check,1
check credit,1
check episode,2
check fabric,1
check silk,1
chenille fabric,1
chief executive,1
chief strategy,4
china rose,1
chinoiserie china,1
chinoiserie monkeys,1
chinoiserie oriental,1
chinoiserie silk,1
chinoiserie toile,1
chintz fabric,1
choice buy,1
chose screw,2
choses que,3
christopher data,6
cierra la,4
cios cost,2
citizens via,2
ciudadanos de,4
claiming invasion,1
clap back,2
clarence house,5
clarifying device,1
claro que,2
class action,2
class actions,17
classmate stole,15
clear privacy,4
clear today,1
clearly links,10
clients selling,1
closed calling,1
clue many,1
coincide relevant,1
collaborative tools,1
collected one,2
collected shared,5
collection magnolia,1
collection memo,1
collection policy,1
collects call,1
collects sells,1
college bowl,1
collude foreign,10
colluded obama,1
colony collection,1
color blind,1
columna para,2
come check,2
come house,1
comentario en,2
comercio de,1
comes facebook,57
comes next,2
coming guilty,1
coming kinda,2
commentary concerning,2
comments apple,2
comments privacy,1
commerce comittee,1
commerce committee,2
commerce date,1
commerce next,1
commie criminal,2
commissioner data,12
committee april,11
committee energy,1
committee facebook,1
committee hearing,2
committee hearings,40
committee leads,4
committee minority,52
committee say,5
committing european,1
common big,1
common dreams,2
common drop,1
comms stroz,2
communicators apology,1
communities demand,1
community antithetical,1
companies accessing,1
companies data,18
companies like,3
companies mouth,1
companies rely,16
companies wishing,1
companies work,1
company access,2
company acting,1
company conducted,4
company generate,2
company leave,1
company plan,1
company punish,1
company reflects,1
company says,1
compared arrested,1
compartieron datos,2
compensating us,2
complaints raise,2
complex passwords,1
comply strong,1
compromised via,2
comptroller calling,1
con la,4
con mucho,4
concept fellow,1
concern foreign,1
concern highly,2
concerned office,2
concerning facebook,2
condemn fraud,1
conditions might,4
conducted audit,4
conference recently,2
confesses toll,6
confidence imho,2
confirmado la,4
confirmed testify,3
confirmed vice,2
conflicts worse,2
congreso de,15
congress april,4
congress asked,1
congress asks,66
congress back,3
congress juveniles,2
congress next,6
congress scandal,3
congress testimony,1
congressional accept,2
congressional panel,6
congressmen set,9
consecrate journalism,1
consent begins,2
consent made,1
conservative gop,2
consider facebook,1
considering scandal,2
constantly asking,1
consult making,2
consultancy firm,6
consumer attention,1
consumer data,1
contact libyan,154
contact want,3
contain prejudicial,1
contemplating contemplating,2
contemplating j,2
content generated,1
contents private,4
continue hits,2
continue learn,2
contracting company,2
contractual language,4
contributions via,4
controversia de,3
controversial opinion,1
conversations abuse,1
convince voters,2
convincing pos,1
convincing vote,2
coo apologized,2
coo discusses,4
coo sheryl,1
cook criticizes,1
copy data,6
coral green,1
corbyn right,2
corporate technologically,1
corporations using,2
correr mark,1
corrige el,2
corruption next,10
cosas que,1
cosas sobre,1
cost ignoring,2
cost near,5
could affect,4
could change,2
could get,2
could proving,2
could seriously,1
could sit,1
could team,4
could top,2
counsel seeks,4
count personal,2
countries elections,2
county files,4
course models,4
course would,1
couture lee,3
cover might,2
cover recent,1
cover robert,4
cover story,2
coward actual,6
cox page,1
cranberry fern,1
cream aqua,1
cream black,1
cream gold,2
cream multi,5
cream pink,1
cream via,1
creamish ivory,1
create app,3
create healthy,1
create id,1
create successful,1
creation bad,1
creation internet,1
creative leaders,1
creator proposed,1
creator shares,2
credibility subject,1
credit card,1
credit debit,3
creepy questions,8
crewel embroidered,1
criminal admits,2
criminal element,1
crimson gold,2
cripples companies,16
crisis communicators,1
crisis could,2
crisis de,1
critical infrastructure,3
criticism glib,1
criticizes facebook,1
critics taking,1
croyait sur,2
crush new,1
crying chased,1
crypto develop,1
cuando probaste,1
cuantos miles,1
cuenta de,3
cuentas de,18
currently running,22
custom audiences,2
custom heather,1
customer data,510
customer signed,1
customers predatory,2
customized give,1
cut velvet,4
cuyos datos,6
cuyos efectos,2
cuyos usuarios,4
cuz want,1
cyber security,1
cynical article,4
dad longer,2
daily outsider,2
dam clue,1
damage economy,4
damask brocade,4
damask fabric,9
damask toile,1
damask velvet,1
damn clap,2
damn full,1
dans des,2
data abuse,28
data accessed,2
data also,51
data available,1
data base,2
data billion,7
data breach,9
data breech,6
data collection,2
data companies,2
data compromised,1
data dsps,2
data everyone,2
data exposed,1
data firm,4
data first,3
data forever,1
data illnesses,106
data leak,2
data leakage,4
data leaked,1
data least,1
data mark,2
data million,12
data misuse,4
data models,30
data much,6
data privacy,53
data protection,6
data sale,2
data scandal,6
data scientist,6
data security,1
data see,2
data seemingly,2
data set,1
data shows,1
data sold,2
data standards,3
data via,1
data violated,2
data word,8
date approaching,48
date set,10
datos cambridge,6
datos de,22
day put,1
days ago,2
days miss,1
days next,3
de abril,13
de algunos,1
de ante,8
de asegura,3
de asume,2
de cambridge,4
de ce,2
de ciudadanos,4
de cuentas,3
de datos,13
de de,13
de el,5
de en,3
de eu,13
de facebook,4
de facto,2
de ir,1
de jouy,1
de la,21
de las,2
de lis,1
de lo,2
de los,4
de luego,2
de mark,44
de mexicanos,26
de mil,10
de millones,12
de negocios,2
de partager,4
de personas,2
de por,3
de precisaron,2
de privacidad,5
de que,5
de reconoce,2
de robados,2
de su,1
de testimonio,1
de unos,2
de usuarios,4
de vs,2
de y,6
deactivate ur,72
dead meat,1
deafening silence,2
deal make,20
dealbook briefing,1
deals fallout,2
dear flutter,7
debate past,1
debaten sobre,1
decided risk,2
decided testify,3
decir que,2
decision disable,16
decision leave,1
declaraciones ambos,2
deco fabric,1
deco geometric,1
deco nouveau,1
deeply embedded,4
defended data,1
defensive role,3
defiant asked,1
definition irony,1
definitivamente hace,3
deflect facebook,39
del de,44
del los,2
del mundo,2
delete damn,1
delete data,30
delete messages,3
deleted days,1
deleted facebook,1
deleted mark,1
deleted phone,1
deletes information,1
delta sears,1
demand consumer,1
demand independent,1
demands relinquish,1
demasiadas cosas,1
democracy trust,1
denham warned,28
denied privacy,2
denying day,1
der latest,2
des personnelles,2
des sur,2
descriptions contain,1
deserve lower,2
designer italian,1
designer neoclassical,1
designer talcie,1
designer valentina,1
details bring,2
detrimental image,1
devastated top,1
develop launch,1
devious election,18
diamonds chenille,1
diamonds embroidered,1
diamonte harlequin,1
diane von,1
die live,1
difference apple,1
different team,1
difficult sell,1
digital platforms,6
dijo el,1
dijo que,1
dimitir por,1
directly trump,2
dirigir pese,1
dirty tricks,18
disable searching,16
disavows everything,1
disclosed major,1
disclosed wednesday,2
discover andrew,2
discuss cambridge,6
discuss facebook,4
discuss kerfuffle,1
discuss need,4
discussed messenger,1
discusses cambridge,4
discussion avec,4
dismisses tim,1
disney princess,1
disseminated wonder,2
dissuade opposition,2
distancing facebook,1
distrust change,2
disturbing knows,3
divulge anonymous,2
dizzying spin,2
dollars worth,14
donald trump,1
dont got,1
dont want,1
doug candidate,36
downfall personal,1
download trust,4
downloaded data,1
drapery panel,1
drapes panel,1
drapes panels,1
drawing us,2
dreams reporting,2
drinks drinks,2
drinks sells,2
drop due,1
drop lets,1
dsps cdps,2
due mistrust,1
due oversupply,1
dumb effers,1
duterte elected,194
earnings zuck,1
easier get,1
easier users,2
easter poop,1
eat slices,1
education strong,2
eerily similar,1
efectos sobre,2
effers grrr,1
either die,1
ejecutivo de,2
el candidato,2
el caso,13
el ceo,2
el congreso,11
el de,27
el ejecutivo,1
el en,2
el fundador,12
el generado,2
el hecho,1
el involucrados,2
el jefe,1
el modelo,2
el mundo,2
el nuevo,4
el por,2
el portal,2
el presidente,1
el previo,2
el que,2
el quinto,84
el reporte,12
el top,4
el y,2
elected instead,2
elected pages,194
election dirty,18
election via,2
elections decided,2
elections usa,1
electoral fraud,34
element needs,1
eliminando nuestras,1
elitist puke,1
elizabeth denham,28
elizabeth leading,2
else account,2
else breach,1
else notice,1
else starting,1
email address,12
email cripples,4
email online,1
email social,1
embedded facebook,4
embroidered silk,10
embroidered velvet,1
empire acanthus,1
empire still,2
employee left,36
employees outraged,1
employees response,2
employees work,116
employers looking,1
emprendedor cuando,1
empresa liderada,2
en datos,3
en declaraciones,2
en discussion,4
en el,82
en este,2
en et,2
en fueron,2
en manos,2
en mark,1
en poder,4
en robo,2
en sepan,1
en siete,2
en sobre,2
en su,4
en y,2
end number,2
endorse senate,6
energy commerce,6
energy prices,1
enfoque noticias,2
engender exact,2
engineer seems,4
enough freely,1
enough protect,2
enough see,1
enough take,1
ensuring general,1
entender el,2
entender pasando,2
enterprise cios,2
entire market,4
entirely generations,1
entirely would,1
entrada reciente,2
entre y,1
episode teaches,2
era much,2
es claro,2
es correr,1
es el,2
es hora,1
escuchando nuestros,4
especially considering,2
esperar de,1
essay alum,1
essay explaining,2
est beaucoup,2
establish data,2
este articulo,2
estimate number,2
estrategia que,1
et que,2
ethical breaches,2
ethics exhibit,1
eu citizens,2
eu data,1
eu el,13
eu imposing,2
eu rules,1
eu users,4
european data,3
european privacy,1
european union,1
europeans affected,2
evacuated accounts,1
even bigger,1
even celebrities,4
even dawn,2
even endorse,6
even midst,2
even possible,34
even though,2
even worse,4
event need,2
ever get,1
ever love,1
ever since,36
ever want,2
ever wonder,1
every facebook,2
every monday,2
every morning,2
every relevant,2
every single,37
everyone act,1
everyone ask,1
everyone asking,30
everyone calling,2
everyone else,1
everyone knows,1
everyone scared,1
everyone uses,2
everything also,1
everywhere speaking,2
evidence need,1
evidence sold,2
evil empire,2
evil spawn,10
exact response,2
exactly information,6
example happens,1
exclude north,1
exec could,1
executive defended,1
executive mark,1
executive product,2
executive says,4
executives aware,2
exhibited generally,1
experts discuss,4
experts say,2
explained actor,1
explaining little,2
explaining troves,2
explains ad,2
explains facebook,1
exploded facebook,8
exploring sharing,2
explosion diane,1
explosive verified,10
expose facebook,36
exposed long,6
exposed operation,2
extend european,4
extend gdpr,1
extend user,1
extra nice,2
extrajudicial care,6
extrajudicial killing,192
ezra klein,1
f crooks,1
fabric drapery,1
fabric drapes,2
fabric yard,5
fabric yards,51
face lawmakers,2
face life,1
face terrible,1
facebook according,1
facebook account,1
facebook admits,2
facebook advertisers,1
facebook another,3
facebook apply,1
facebook bans,5
facebook big,2
facebook ceo,29
facebook chief,1
facebook continues,1
facebook coo,5
facebook could,3
facebook data,11
facebook denied,2
facebook disclosed,2
facebook employees,116
facebook en,4
facebook entirely,1
facebook everyone,30
facebook executive,1
facebook executives,2
facebook face,3
facebook feature,1
facebook finally,2
facebook find,1
facebook food,5
facebook founder,2
facebook golden,1
facebook google,4
facebook latest,1
facebook live,3
facebook look,1
facebook lost,2
facebook memo,1
facebook million,2
facebook millones,2
facebook muddles,2
facebook need,2
facebook personal,1
facebook plans,1
facebook privacy,1
facebook probably,8
facebook raises,1
facebook reading,4
facebook reads,3
facebook realize,57
facebook recent,4
facebook refuses,36
facebook require,6
facebook revela,2
facebook rule,79
facebook says,28
facebook scanning,1
facebook scans,1
facebook seeing,2
facebook sell,1
facebook shared,1
facebook startling,2
facebook stock,9
facebook subscriber,2
facebook supercookies,1
facebook supports,2
facebook suspends,4
facebook tells,6
facebook think,2
facebook touche,2
facebook try,1
facebook ubica,2
facebook update,4
facebook user,6
facebook users,8
facebook years,4
faced sith,2
facing privacy,1
facing representative,1
facing unprecedented,1
facto presider,2
fake email,1
fake zuckerberg,1
fall kill,2
fallar es,1
falling fuck,1
fallout explaining,2
fallout privacy,2
falta de,4
families testifying,1
famous telling,1
fantastic lineup,6
farage put,2
farage thanking,4
farmed data,1
favourite shark,1
fb address,1
fb comply,1
fb twitter,6
fear truth,2
feature hackers,4
feature pull,1
featuring fantastic,6
federal complaints,2
federal lawsuit,4
feed customized,1
feel cooperating,2
feel important,2
fellow collaborators,2
fellow course,1
fern gold,1
ffs like,1
fight call,2
fight could,2
filed lawsuits,3
filed second,17
files federal,4
fils gennesse,1
final report,6
finally making,2
finally realizes,510
financial used,14
find always,1
find latest,4
find paying,1
finest incredibly,2
fir ppl,1
fire cambridge,1
fire stupid,1
fires back,5
firm cambridge,4
firm might,8
firm poll,2
firm via,4
first excuse,1
first thought,2
fix bad,2
fixes falls,1
flame stitch,1
flamestitch upholstery,1
fleur de,1
floral vines,1
flutter give,7
folks surprised,1
folks use,1
folks violated,1
follow story,10
follow support,2
follow us,3
followers many,1
following guess,1
food perhaps,8
food platform,5
force provide,1
force take,1
forced board,1
forces us,2
forcing tech,2
foreign companies,1
foreign governments,8
form feed,1
former campaigner,36
fotos vendiendo,2
found hidden,2
found trigger,2
found us,2
founded bankrolled,2
founder appears,1
founder discuss,4
founder mark,3
founder refused,1
fox mercers,4
foxxes gives,5
fragonard toile,1
frat boy,1
fraud coming,2
fraud lead,34
fraud security,1
fraud without,1
free polpularly,2
free world,2
freedom choice,1
freedom speech,4
freely offer,1
french chintz,1
french romantique,1
french toile,3
fretworks cut,1
friend said,1
friendly reminder,4
frightened might,14
front congressional,3
fucked throw,1
fucking look,1
fue mi,1
fueron afectadas,2
fueron afectados,70
fueron analizados,2
fueron intervenidas,12
fueron perjudicados,12
fuga de,1
full access,36
full responsibilty,1
full thank,1
full wish,1
functionality without,2
fund two,14
fundador de,12
funny mention,2
furstenberg retro,1
future latest,2
future political,6
g ballard,2
g p,1
gainesboro lotus,1
game elitist,1
garantiza fallar,1
gates went,1
gathered users,2
gave bad,2
gdpr globally,1
gdpr privacy,2
geek like,1
geisha toile,1
generado por,2
general data,1
generally mentally,2
generally specifically,1
generate revenue,2
generated troll,1
generations older,1
gennesse buffalo,1
genuine mac,1
geometric art,1
geometric fretworks,1
get aerial,1
get asda,2
get data,2
get defensive,4
get elected,2
get health,334
get hillary,1
get know,6
get position,1
get privacy,4
get tied,1
get vote,2
gets tough,2
getting longer,1
getting puppet,16
getting scammed,1
getting strongman,194
giants protecting,2
give evidence,1
give lawmaker,1
give search,10
giveaway post,1
given authority,1
givin ur,1
glib aligned,1
glib seems,1
go hell,1
god intended,1
goddesses french,1
goes guy,1
goes really,2
goes tries,1
going best,1
going ever,1
going face,2
going going,1
going interesting,1
going throw,1
gold beige,1
gold blue,3
gold burgundy,1
gold khaki,1
gold persimmons,1
gold rose,2
gold via,8
golden goose,1
golf medallions,2
good also,1
good investigative,2
good last,1
good see,1
good stuff,1
google pharmaceutical,1
google sell,1
google store,4
google trump,2
goons agsinst,1
gop fear,2
got new,1
got panties,1
got right,1
got senators,22
got trumpy,2
governments also,1
govt admits,154
gran hermano,4
granddaughter renee,1
great article,2
great chance,2
great fall,2
great job,1
great mother,2
great sandberg,2
greater concern,2
greatest social,4
greed magazine,2
green cream,1
green opal,1
grey grilling,1
grilling next,1
grospoint cut,1
group boasted,194
group called,4
group linked,154
grown folks,1
grows via,2
growth memo,1
growth sparks,1
growth top,1
grrr graphics,1
guerra de,2
guide breadth,2
guide paranoid,2
guilty podcast,1
guinevere embroidered,4
guns school,2
guy collects,1
ha confirmado,4
ha llovido,3
haber hecho,1
habits help,1
hablamos de,2
hace tres,2
hace un,3
hace una,2
hacker elections,1
hackers used,4
hacking group,4
handling next,2
handling sensitive,4
hangs cia,2
happening country,2
happens socially,1
happy birthday,2
hard charge,1
hard know,6
hard mark,1
hardest comes,2
hardest year,1
harlequin diamonds,1
harvard classmate,15
harvest data,1
harvested cambridge,1
harvested data,10
harvested million,3
hat really,1
hate bigotry,14
hate watch,1
hawaii filed,3
hawaiians live,3
health campaign,1
health records,334
healthy habit,1
healthy habits,1
hear nsi,4
hear wont,1
heard anything,2
heard discuss,1
heard taking,1
heard using,2
hearing april,4
hearings parliament,40
hecho ante,1
hecho que,1
hell lot,2
help create,1
help people,1
help spread,2
helped elect,2
helped expose,36
helped found,4
helped get,2
helped win,4
helping prove,2
hero reporting,17
hey hate,1
hey realize,6
hey watch,5
hidden keylogger,2
high bidder,1
higher priorities,1
highly questionable,2
hill answer,1
hill gainesboro,1
hill robert,1
hillary elected,1
hippa requires,6
hired presidential,10
histoire qui,2
history tension,1
hit back,1
hits back,5
honestly believe,2
hong list,52
honored bet,4
hoodie came,1
hope congress,66
hopefully senior,1
hora de,1
hospitals access,6
hospitals share,106
hosting avoid,1
hosting right,4
house art,1
house castello,1
house committee,11
house energy,5
house geometric,1
house intel,52
house lotus,1
house mark,1
house marrakech,1
house oversight,6
house panel,13
houses around,3
houses ensure,1
hoy avisan,3
hp laptops,1
hubris exhibited,1
hubs treated,2
huge bag,1
human according,1
human right,1
humble pie,1
hybrid data,2
hypocrite photographer,1
ico told,2
ico w,2
id app,1
idea folks,1
idea tear,1
ideal case,2
identical facebook,3
identities future,6
idiot pricy,1
ig facebook,1
ignore research,2
ignore warning,2
ignored confirmed,2
ihmisten ja,2
ill people,2
illegally sold,1
illustrates awesome,1
illustration visual,1
im shit,4
image jesus,5
image recognition,2
images people,3
imagine deafening,2
imho knew,2
immediate plans,1
impact elections,2
impact war,2
implicaciones con,2
important concern,1
important croyait,2
important distinction,1
important let,1
important realise,2
impose new,1
imposing new,2
improved product,5
inbox delete,3
incident brought,1
include records,1
included israelis,2
including colluded,1
including new,12
including targeted,4
including work,6
incoming national,2
increase across,3
increased estimate,2
incredibly brave,2
indemnity usd,2
indigo blue,2
info card,1
info clients,1
info family,6
info many,1
info mining,1
info shared,2
information accessed,1
information big,1
information bought,18
information ceo,1
information count,2
information disseminated,2
information facebook,4
information last,28
information selling,1
information shared,1
information yet,10
informative piece,2
infrastructure technology,3
innocent looking,2
insider selling,1
insider trading,1
insights security,2
insisting sell,4
instagram actively,1
instagram instagram,1
instagram targets,2
instagram today,1
instead hearing,2
instead outrage,2
institute critical,3
insult foxxes,5
intel committee,52
intellectual property,1
intended baseball,1
intense cults,1
intentionally given,1
interest watch,2
interested starting,4
interesting point,2
interesting seeing,1
interesting things,1
internet needs,1
internet platforms,1
internet though,2
intervenidas por,12
interview coo,2
interview creator,2
interview podcast,2
interview shared,1
interview woodruff,2
interviews mark,1
invaded buys,3
invasion privacy,1
invest find,4
investigated privacy,12
investors interested,4
investors sense,1
invited back,2
involucrados en,2
ir eliminando,1
iridescent sorbet,1
iridescent turquoise,1
irony claiming,1
isolated tech,1
israelis including,2
issue ads,2
issues ads,2
issues ending,1
issues found,2
issues mark,2
issues sounds,1
italian bellesa,1
italian lampas,1
italian tigre,1
italian whimsical,1
ivory via,1
j baker,1
j g,2
jackie williams,4
jacobean french,1
jacobean silk,1
jacobean wool,1
jade gold,1
jakara jacobean,1
james scott,3
james senior,3
java jerusha,2
je raconte,2
jealous stop,2
jefe de,1
jefferson county,4
jeremy corbyn,2
jerusha every,2
jesus violent,5
jette nouveau,2
jewel red,1
job descriptions,1
job pressing,1
job running,1
jobs warned,2
jofa armond,1
jofa g,1
jofa guinevere,4
jofa kravet,9
jofa morpheus,1
jofa nympheus,1
jofa ornate,1
jofa senegal,1
jofa tempo,1
johnson exposed,154
join discuss,6
join next,2
joins talk,2
joint senate,5
jokerstash announced,4
joseph chancellor,66
journalist proving,2
jouy fabric,1
judge land,10
julian assange,100
jumped mil,2
juveniles playing,2
karma following,1
keep happening,2
keep shit,1
keep users,1
keeps insisting,4
key house,2
khaki via,1
kid center,2
kids constantly,1
kill sudden,1
killed totes,2
kinda hypocritical,2
king granddaughter,1
king social,1
kipling persian,1
klein interviews,1
knew along,2
knew exactly,2
knew years,2
know cambridge,2
know even,1
know everything,8
know exactly,6
know exposed,6
know fb,2
know house,52
know legal,2
know plastering,1
know shared,2
know signing,2
know soon,6
know staff,2
know stand,1
know trolls,8
know whole,2
known beginning,1
knows activities,3
knows disney,1
knows may,1
knows people,1
kravet chinoiserie,1
kravet couture,3
kravet fleur,1
kravet kipling,1
kravet lee,1
kravet mulberry,1
kravet napoleon,1
kravet romantic,1
kravet victorian,2
kravet vita,1
la audiencia,1
la controversia,3
la crisis,1
la de,12
la definitivamente,3
la empresa,2
la entre,1
la estrategia,1
la falta,4
la hablamos,2
la persona,1
la que,12
la red,5
la revista,2
la salud,2
la semana,4
la sncf,2
labels political,1
lampas brocade,1
lampas damask,1
lampas fabric,1
land hawaii,3
land would,10
language assurances,4
lanterns toile,1
laptops found,2
large shares,2
las aplicaciones,1
las malas,2
las que,2
las realizadas,2
last earnings,1
last employee,36
last resort,1
last rights,1
last week,4
lately receiving,1
later became,28
later month,1
latest blog,12
latest blow,3
latest breaking,1
latest changes,1
latest daily,2
latest talks,1
laughable listening,2
launch new,1
lauren baroque,1
law data,1
law globally,1
lawmakers give,1
lawmakers say,2
lawsuit alleging,4
lawsuits native,3
lawyers really,2
lax policy,1
le algunos,1
le dijo,1
le ha,7
le scandale,2
le sustrajo,2
le va,1
lead every,34
lead trump,2
leader free,2
leaders catalonia,2
leaders house,4
leaders oversight,1
leading uk,2
leads way,4
leak ethical,2
leak million,1
leakage honored,4
leaked facebook,1
leaked memo,1
leaked via,1
leaning offering,2
learn things,2
learned tried,334
learning mistakes,1
learning need,1
least one,1
least two,9
leave companies,1
leave facebook,1
leave ground,1
leave matter,1
leaves tassels,1
lee jofa,20
left isolated,1
left voicemail,36
left zuckerberg,2
legal action,1
legal agreements,2
leigh cox,1
let companies,1
lets make,1
letter prove,2
letter re,1
letters every,2
letters offices,2
leur proposer,4
liar evidence,1
liars shady,2
libyan group,154
liderada por,2
lie know,2
lied shady,2
life complete,1
life facebook,2
life fullest,2
life learning,1
life moves,2
light fundamental,1
light wrong,4
like advanced,2
like already,2
like apple,1
like ask,1
like bullies,1
like call,1
like data,1
like follow,2
like freedom,1
like glib,1
like know,2
like maybe,2
like meesed,2
like mistake,1
like much,1
like overage,1
like paid,22
like planned,8
like player,1
like privacy,3
like rihanna,4
like run,1
like show,5
like social,4
like us,1
likely impact,2
likely public,1
likely spread,2
limbaugh would,1
linen damask,1
linen fabric,2
linen toile,2
linen velvet,1
lineup startups,5
link instagram,2
link modiji,10
linked farms,1
linked trolls,1
links images,3
links pictures,22
links send,1
links sent,2
lis diamonds,1
list getting,1
list people,52
listening say,2
listing mark,4
lists information,2
literally explained,1
little impact,2
little shit,2
live life,2
live long,1
lives scans,1
living rock,6
llovido sobre,3
lo behold,2
lo de,2
lo que,3
lock position,3
locked need,2
long corporations,2
long enough,2
long resisted,2
long way,1
longer friends,1
look based,1
look facebook,1
look giveaway,1
look good,2
look like,1
look without,3
looking check,1
looking good,1
looking kid,2
looking like,1
looks like,4
loom french,1
loom primavera,1
loom suzhou,1
los cuyos,4
los datos,3
los problemas,1
los que,70
los usuarios,6
loses support,1
lost confidence,2
lost market,4
lot common,1
lot could,10
lot data,2
lot fire,1
lot microsoft,1
lot red,2
lot since,2
lot targeting,2
lot use,2
lots talk,1
lotus medallion,2
lourdes mendoza,2
love especially,2
love like,1
love want,1
lower data,2
luego de,2
luego del,44
luther king,1
lying denying,1
mac observer,1
machines months,17
macho mil,1
mad world,2
made allowed,2
made name,1
made us,1
made voices,2
made waves,2
magazine cover,2
magnolia via,1
mahal medallions,1
mahdollista ihmisten,2
main themes,1
mainstream media,510
major companies,1
major data,1
major divulge,2
major us,106
make community,1
make companies,20
make easier,4
make money,4
make move,2
make people,1
make seem,1
make sure,4
make type,1
makes admits,12
makes left,78
makes mistake,2
making changes,2
making children,1
making public,2
malas de,2
man always,10
man credibility,1
man stands,1
managers eat,1
manipulate vote,2
manos de,2
manuel canovas,2
manufacturing consent,2
many companies,2
many higher,1
many million,1
many nationwide,17
many people,1
many ppl,1
many uses,2
march statements,6
marginal cost,5
marine cream,1
marine multi,1
mark announcement,3
mark confirmed,3
mark decided,2
mark greed,2
mark handling,2
mark harvard,15
mark knows,1
mark lizardberg,2
mark media,1
mark messenger,1
mark protects,1
mark resign,2
mark said,1
mark secretly,1
mark speech,1
mark summoned,1
mark told,1
mark wakkaburger,1
mark wins,1
mark zuckerberg,99
market cap,4
market value,4
markzuckerberg made,1
marrakech tropical,1
marshall chief,4
massive abuse,12
matin de,2
matter next,2
matter time,1
matthew yglesias,3
may able,20
may also,2
may believe,1
may firm,1
may heard,1
may time,3
may want,2
maybe much,2
maybe truly,2
maybe vote,4
maybe would,1
means people,2
means real,1
measure health,1
measure man,1
meat hoodie,1
medallion silk,2
medallions embroidered,1
medallions old,2
media data,1
media finally,510
media giant,2
media lock,3
media organised,8
media outlet,34
media program,4
media vpn,1
mediante lo,2
medical research,2
meet deputy,1
meet separatist,2
meet yet,2
mellow yellow,1
meme utilizing,2
memo haunts,1
memo social,1
memo top,1
memo warned,1
memories silk,1
mendoza hace,2
menos tres,1
mentally ill,2
mentions main,1
mercer money,18
mercer used,2
mercers also,2
mercers sponsoring,4
message america,1
message enterprise,2
messages facebook,8
messenger app,2
messenger conversations,1
messenger sue,1
messenger texts,4
mexicanos fueron,26
mexicanos le,2
mexicanos terminaron,2
mexico border,1
mfa illustration,1
mi comentario,2
mi cuenta,3
mi entrada,2
mi primer,1
microphone whilst,2
microsoft bill,1
midst continue,2
miffed even,4
might add,1
might bad,2
might key,8
might mark,5
might playing,1
might resign,4
might want,14
might well,1
mil cuentas,14
mil mexicanos,4
mil monsters,1
mil suspect,2
mil usuarios,2
million bet,1
million buying,2
million dollars,14
million eu,4
million europeans,2
million facebook,3
million folks,1
million million,1
million mostly,1
million reasons,1
million stolen,4
million us,1
million users,17
millones de,14
millones los,6
millones y,2
mind selling,3
mind set,1
mine facebook,2
mining juggernaut,1
minority theresa,52
mint champagne,1
miss used,1
mistake important,1
mistake sends,2
mistakes learning,1
mistrust fake,1
misuse discover,2
misuse possible,2
misusing personal,4
mny us,1
model needed,2
model remark,1
modelo de,2
models ordered,30
modiji remember,10
moment social,4
monday questions,2
money behind,18
money facebook,1
money made,1
money selling,4
monkeys damask,1
monsters x,1
month recent,1
morning post,2
moroccan lanterns,1
morpheus silk,1
moscow skripal,2
mostly may,1
mother already,2
moves fast,2
movie watching,1
much celebrating,2
much coward,6
much debate,1
much information,2
much like,2
much mark,1
much money,1
much taking,2
mucho y,4
muddles fallout,2
mulberry arabesque,1
multi billionaire,1
multi jewel,1
multi via,10
multiple times,1
mundial de,2
mundo debaten,1
mundo que,1
mundo real,1
mundo se,2
murano linen,1
muslims killed,2
must watch,1
mysterious man,10
mythological goddesses,1
nada por,1
name used,1
names ny,1
napoleon bee,1
nasty troll,2
national cyber,1
national security,2
nations realizing,12
nationwide class,17
native hawaiians,3
nazi scum,10
near course,5
neck geek,1
need asshole,1
need bitclave,2
need class,2
need consider,1
need dump,1
need know,6
need move,1
need speak,2
need store,1
need talk,4
need wonder,5
needed provide,1
needs b,1
needs buy,1
needs charged,1
needs fire,1
needs locked,2
needs protect,1
negocios de,2
neighboring houses,2
neoclassical empire,1
neoclassical french,1
neoclassical mythological,1
neoclassical pompeiin,1
neoclassical rousseau,1
network immediate,1
never slap,2
never would,2
new bc,12
new blockchain,1
new cover,8
new essay,2
new eu,1
new grey,1
new laws,8
new open,1
new privacy,1
new set,2
new york,12
news ahead,8
news fb,1
news made,1
news source,1
next coincide,2
next techmeeting,6
next time,10
next tuesday,2
next wednesday,1
next week,14
nice compensated,2
nice read,6
nice since,2
nigel farage,6
nigerian princes,3
nobody fired,3
north american,3
note disturbing,3
nothing could,2
nothing people,2
nothing telling,2
notice looking,1
nouveau mai,2
nouveau murano,1
nouveau sur,2
nsi founder,4
nuestra sociedad,2
nuestras cuentas,1
nuestros la,4
nuevo gran,4
number account,1
number compromised,2
number email,12
number even,2
number users,3
ny times,1
nyc comptroller,1
nympheus birds,1
nynja sheds,4
o la,4
obama get,1
obama need,2
observations dangers,1
obvious trump,2
occurred sorry,1
offer financially,1
offer gdpr,1
offering observations,1
offering thoughts,2
offers advice,4
office mueller,14
office personnel,2
officer nynja,4
offices records,2
offices send,2
often share,2
oh appears,1
oh facebook,2
ok know,1
old fabric,2
old man,1
olive multi,1
omg wipe,1
one anointed,1
one facebook,1
one finest,2
one interesting,1
one nation,4
one set,1
one story,4
ongoing troubles,2
onko mahdollista,2
online information,1
onyx black,1
opal via,1
open letter,1
open transparent,1
opinion truly,1
oppose brexit,4
oppose tory,4
opposition supporters,2
ordered facebook,30
organisations uk,1
oriental pagodas,1
ornate velvet,1
otherwise shut,1
otras cosas,1
outa last,1
outlet every,34
outrage toward,2
outraged wait,1
outside europe,1
outside traditional,2
outsiders without,1
oval office,16
overage frat,1
overhaul settings,2
oversight committee,7
oversupply huge,1
owes ya,1
owns large,2
owns looks,1
p j,1
page via,1
pages extrajudicial,194
pages linked,1
pagodas toile,1
paid million,20
panel april,7
panel blue,1
panel crimson,1
panel says,3
panels creamish,1
panther grospoint,1
panties twist,1
paper copy,6
para boa,1
para decir,2
para dirigir,1
para entender,4
para pri,12
para todos,1
paragraph facebook,1
paranoid version,2
paraphrase great,2
parent helped,2
parliament commoncms,32
parliament scheduled,40
part platform,1
parte de,2
party data,28
party risk,1
pasando con,2
pasar nada,1
pasari jakara,1
passion fruit,1
password manager,1
passwords popular,1
past mark,1
past time,1
patient data,2
pauses medical,2
pay facebook,2
pay products,1
paying attention,1
paying somehow,1
paypal shares,1
pee tape,2
pencil neck,1
pension boss,1
people cant,2
people connect,1
people dont,1
people facebook,3
people families,1
people know,2
people much,2
people oh,2
people really,3
people send,13
people trust,2
people wanted,52
people would,2
pepper bbq,1
per founder,1
perceived high,1
perfect example,1
perhaps obama,2
perhaps want,6
perjudicados por,10
persian chinoiserie,1
persian linen,1
persian taj,1
person company,1
person run,2
person runs,1
person saw,1
persona adecuada,1
personal data,7
personal info,1
personal information,22
personal warning,1
personality changed,2
personality tests,2
personas se,2
personnelles est,2
perspective harvested,1
petition closed,1
phone cuz,1
phone email,4
phone number,12
photos friends,2
photos links,1
pick auditor,2
pictures lot,10
pictures people,10
pie grown,1
pie trickle,1
piece read,2
piece today,1
piensa dimitir,1
pierda unos,1
pink green,1
pink multi,1
pink peach,1
pink rose,1
pinning ongoing,2
pint thanking,10
pissing contest,1
place data,1
placed perceived,1
plain said,2
plain text,1
plan apply,1
planned news,8
plans apply,1
plans body,1
plans crush,1
plans extend,2
plastering joining,1
platform beef,1
platform bias,1
platform deserve,2
platform marginal,5
platforms bringing,1
platforms use,6
played role,16
player info,1
player worst,1
playing around,2
playing different,1
playing every,2
plays quit,1
please ask,1
please create,3
please help,2
please join,6
please keep,1
please sign,4
please support,2
please wish,1
pledge new,1
plus important,2
plusieurs pour,4
podcast invited,2
podcast reminds,1
podcast state,2
poder de,4
point makes,1
point view,2
pointti onko,2
poisoning look,2
police facebook,1
policy silicon,1
political ad,4
political ads,8
political data,1
political issue,2
political reckoning,2
political scene,2
political view,1
politics right,4
polpularly selected,2
pompeiin memories,1
poor cartoon,3
popular password,1
popular question,2
por caso,14
por el,15
por la,14
por las,2
por lo,1
por parte,2
por que,1
por se,2
por y,38
portal de,2
pos version,1
position regulate,1
possible alleged,34
post called,2
post examines,2
post good,1
post meet,2
post participate,1
post video,2
postee fotos,3
potential criminal,2
potentially every,2
pour choses,3
pour leur,4
power reach,3
powerful hard,6
ppl really,1
pr tips,1
practical purposes,2
prayers violating,2
pre exploring,2
precious needs,1
precisaron h,1
predatory business,2
prediction personality,2
prejudicial phrases,1
prepped make,1
president obama,1
president reagan,1
president word,4
presidente ejecutivo,1
presidential information,10
presider leadership,2
pressing please,1
pretty sure,2
prevent abuse,12
previo de,2
pri en,12
prices drop,1
pricy custom,1
primavera stripes,1
princes amway,3
princess quiz,1
priorities fraud,1
prison already,1
privacidad de,4
privacidad en,1
privacy authority,4
privacy cartoon,3
privacy commissioner,12
privacy crisis,1
privacy data,2
privacy dig,1
privacy get,1
privacy including,12
privacy invaded,3
privacy issues,5
privacy law,1
privacy national,1
privacy per,1
privacy picue,1
privacy protections,3
privacy putting,12
privacy questions,1
privacy scandal,3
privacy scandals,1
privacy usa,48
privacy via,1
private companies,1
private facebook,2
private info,1
private iz,1
private lives,1
private messenger,3
private sector,10
probably approached,1
probably would,8
probaste antes,1
problem frightened,14
problem means,2
problem step,6
problem way,1
problemas de,1
proceeded ahead,8
process many,1
prod via,1
produced including,6
product make,4
product rather,5
product want,2
products submit,1
profiles shared,2
profits made,2
profits welfare,1
project deals,2
proof gotten,1
proof russians,2
propaganda campaign,4
propaganda machines,17
property discussed,1
proposer de,4
proposes facebook,79
protect ffs,1
protect privacy,1
protecting join,2
protection laws,2
protections beyond,1
protections put,1
protections users,1
protects online,1
proven demand,1
provide hard,1
provide specifics,4
provides actionable,2
proving company,2
proving one,2
public info,2
public march,6
public outsiders,1
public slap,1
publicado en,2
puede esperar,1
pull user,1
puma panther,1
puntos para,2
puppet oval,16
purple aqua,1
purple taupe,1
put ass,1
put million,4
put place,1
put robert,2
putting advertisements,1
putting affiliate,10
putting communities,1
q says,2
que al,1
que cambia,1
que cambridge,7
que casi,12
que compartieron,2
que en,1
que es,2
que esta,1
que fait,3
que fueron,70
que garantiza,1
que hicieron,2
que je,2
que la,2
que las,1
que le,6
que millones,2
que pierda,1
que postee,3
que quiero,1
que recibe,2
que representa,2
que resolver,1
que robaron,12
que sabe,1
que sigue,1
que su,2
que tiene,4
que zuckerberg,3
question zuckerberg,9
questionable policies,2
questions data,1
questions form,1
questions relationship,14
qui en,2
quienes le,1
quiero aprender,1
quinto afectado,14
quinto lugar,68
quit according,3
quit facebook,2
quiz results,1
raconte dans,2
raise potential,2
raises number,1
ralph lauren,1
rather pay,1
rather talk,5
re corrupt,1
reach every,3
reaction brushing,1
read mark,1
read times,6
reading zuck,4
reads chats,3
reagan stood,1
real collusion,1
real e,1
real news,1
real shame,1
realise saying,2
reality setting,1
realizadas por,2
realize hippa,6
realize trial,57
realizes customer,510
realizing scl,12
really advise,2
really called,4
really chaps,1
really despise,1
really helping,2
really nothing,2
really powerful,2
really thinks,1
really worried,3
reason deactivate,72
reasons bail,1
rebekah mercer,10
rebound facebook,4
receiving requests,1
recent days,1
recent privacy,1
recent scandal,4
recently exposed,2
recibe el,2
reciente en,2
recommended interview,2
reconoce el,1
reconoce en,2
reconoce que,3
recording zuckerberg,1
records customer,1
records us,334
red black,1
red gold,2
red marine,1
red social,5
reflects likewise,1
refused pledge,1
refused step,2
refuses talk,36
refuses testify,2
refusing testify,2
regarding cambridge,96
regarding uk,2
region made,2
regulation cnet,4
regulation social,3
regulations exist,3
rejected calls,1
rejects request,1
release able,1
relevant article,2
relevant informative,2
religiously might,1
relinquish chairman,1
reluctant change,3
remember along,10
remember president,1
reminder concerned,2
reminder executive,2
reminds lot,1
reminds using,1
removed content,1
removed post,2
removes accounts,1
renee message,1
renegotiate deal,20
renonce des,2
renunciar por,44
rep since,2
repeatedly lied,2
report produced,6
reporta que,15
reporte de,12
reportedly hired,10
reporting propaganda,17
reporting virtually,2
representa en,2
representative house,1
representative walden,1
request answer,1
request letter,2
requests folks,1
require verified,6
requires send,6
research project,2
resign new,3
resisted going,2
resolver el,1
resort bench,1
responde tras,2
responds tim,2
responsable por,1
response hear,2
response outrage,2
responsibility putting,1
responsibilty multiple,1
responsible adults,1
rest trump,4
rest world,3
result deleted,8
retarded person,1
retro deco,1
reveals campaign,36
reveals plans,1
revela datos,2
revela los,70
revela que,4
revenue outside,2
revising privacy,1
revista analizo,2
rewrites clarifying,1
ridiculous chose,2
right cautious,2
right election,4
right joins,2
right mind,1
right video,4
rights thoroughly,1
rihanna blasted,4
risk interference,2
risk said,1
rituals healthy,1
roads lead,2
robada amigos,1
robados por,2
robaron datos,12
robert allen,1
robert festino,4
robert mercer,12
robo de,2
robots taking,2
rock know,6
roils stories,12
role called,1
role getting,16
rolling stone,2
romann diamonte,1
romann iridescent,1
romann neoclassical,2
romann san,1
romann toscana,1
romantic fragonard,1
romantique silk,1
rose bouquets,1
rose coral,1
rose geisha,1
rose gold,1
rose pink,3
roses bouquets,1
rousseau french,1
rt abuse,2
rt active,14
rt admits,1
rt affaire,2
rt ahora,1
rt another,1
rt ante,1
rt anyone,1
rt asked,3
rt attention,2
rt avant,4
rt b,1
rt beginning,1
rt billion,1
rt blame,2
rt bongo,10
rt bought,2
rt built,3
rt bullshit,2
rt call,2
rt called,1
rt cambridge,10
rt canadiana,2
rt canadians,1
rt canadiens,2
rt caption,8
rt care,1
rt careful,2
rt case,2
rt ce,2
rt ceo,3
rt christopher,4
rt cierra,2
rt clear,4
rt clearly,9
rt comes,57
rt committee,3
rt confesses,4
rt congressional,1
rt contact,1
rt controls,12
rt could,4
rt create,1
rt criminal,1
rt cynical,3
rt damn,1
rt data,6
rt dear,6
rt decision,6
rt delete,28
rt details,2
rt discover,2
rt drawing,1
rt drinks,1
rt el,19
rt elizabeth,26
rt employees,2
rt en,8
rt even,34
rt ever,36
rt executive,2
rt experts,2
rt extend,1
rt facebook,132
rt filed,16
rt final,6
rt fix,1
rt former,36
rt founded,2
rt fox,4
rt friendly,2
rt get,6
rt google,2
rt got,20
rt governments,1
rt great,1
rt guerra,1
rt guide,1
rt hace,2
rt hacking,3
rt hate,14
rt hero,15
rt hey,9
rt honestly,2
rt hosting,4
rt ignore,1
rt interview,1
rt investigated,10
rt investors,3
rt jackie,2
rt james,3
rt java,1
rt jeremy,2
rt join,1
rt journalist,2
rt julian,92
rt know,52
rt la,2
rt las,2
rt last,36
rt latest,2
rt leaders,1
rt life,1
rt like,3
rt lost,1
rt lot,2
rt lourdes,2
rt luego,42
rt mad,2
rt makes,2
rt manipulate,2
rt march,1
rt mark,24
rt maybe,2
rt mercer,18
rt mercers,2
rt mi,4
rt need,2
rt needs,2
rt never,1
rt new,13
rt next,3
rt note,2
rt para,2
rt paraphrase,1
rt parent,2
rt pay,1
rt piece,1
rt please,10
rt poor,3
rt potentially,2
rt prevent,10
rt privacy,11
rt problem,14
rt profits,1
rt proposes,77
rt q,1
rt quit,1
rt reaction,1
rt rebound,2
rt recommended,1
rt refused,1
rt removed,2
rt reporta,15
rt responde,1
rt reveals,3
rt revela,30
rt right,1
rt rt,3
rt ruining,4
rt said,12
rt say,1
rt says,20
rt scale,2
rt scandal,26
rt scans,3
rt scl,192
rt set,1
rt shady,2
rt short,1
rt shy,2
rt skillroads,1
rt snapchat,3
rt sociopath,1
rt someone,2
rt special,4
rt starting,18
rt still,2
rt story,2
rt sure,64
rt surprise,5
rt surprised,1
rt swear,1
rt take,3
rt talk,10
rt team,1
rt testifies,1
rt testify,13
rt thank,2
rt thing,1
rt things,9
rt third,1
rt thought,2
rt thoughts,2
rt thumbs,1
rt tips,1
rt top,1
rt trouble,2
rt trying,39
rt tune,2
rt tweets,1
rt upcoming,38
rt us,1
rt wait,508
rt want,8
rt wars,1
rt way,1
rt ways,1
rt well,51
rt writing,2
rt zuck,2
rt zuckerberg,2
ruby crimson,1
ruining one,4
rule breitbart,1
rule makes,78
rules data,2
rules everyone,1
rules mark,1
run political,2
run recently,2
run trusts,2
run wtf,1
running background,2
running campaign,22
running going,1
running governor,36
running sort,1
rushed injured,1
russia deeply,4
russia meet,1
russian bot,1
russian operatives,1
russians used,2
russion hacker,1
sabe entonces,1
sabe que,1
said agree,6
said anything,6
said better,1
said bounce,1
said heard,1
said incident,1
said personal,5
said tuesday,2
salpicada por,2
salud semana,2
san antonio,116
san tropez,1
sandberg worked,1
sandstone cream,1
sank incoming,2
sapphire multi,1
satellite get,1
satin stripes,1
save us,1
saw billion,1
say bad,2
say ceo,3
say facebook,1
say find,1
say gathered,2
say knew,2
say panel,1
say thought,2
say washington,2
saying really,2
saying responsible,1
saying take,1
says advertiser,2
says analytica,3
says audited,2
says billion,18
says cambridge,6
says cases,2
says company,5
says data,2
says extend,1
says facebook,4
says harvested,4
says impose,1
says lax,1
says lot,1
says million,4
says nobody,1
says number,2
says offer,1
says plans,1
says shared,5
says step,3
says stepping,4
says testify,1
says via,1
says warned,15
says zuckerberg,1
sayz givin,1
scalamandre aprile,1
scalamandre butterfly,1
scalamandre chinoiserie,1
scalamandre neoclassical,1
scalamandre shirred,1
scalamandre silk,1
scalamandre sotto,1
scalamandre style,1
scale sophistication,3
scammed trust,1
scammers used,1
scandal affected,1
scandal also,2
scandal exploded,8
scandal forcing,2
scandal grows,2
scandal left,3
scandal please,4
scandal reportedly,2
scandal roils,12
scandal watershed,4
scandale admet,3
scandale des,2
scandale facebook,2
scandals facebook,1
scanning links,2
scanning messenger,1
scans contents,4
scans links,16
scans photos,1
scans send,1
scared big,1
scene political,2
scheduled including,40
scheduled video,100
scientist british,6
scl group,200
scl operated,12
scope scandal,2
screw customers,2
scum evil,10
se ante,2
se en,2
se puede,1
se refiere,2
se ubica,70
se vio,2
search warrant,10
searching phone,16
sears disclosed,1
second many,17
secretly asked,2
secretly deleted,1
sector judge,10
security adviser,2
security guide,1
security one,1
see become,1
see class,1
see impact,1
see labels,1
see life,1
see lot,1
see major,1
see million,1
seeing plays,1
seeing whole,2
seeks really,4
seeks scope,2
seem conservative,2
seem like,1
seem quit,2
seems allowing,1
seems prescient,3
sees several,1
selected de,2
sell easier,1
sell even,4
sell sells,2
selling come,2
selling privacy,3
selling stock,1
sells access,1
sells google,1
sells high,2
semana con,4
semana parece,2
semanas el,2
senate committee,3
senate hearing,2
senate next,2
senator limbaugh,1
senators currently,22
send facebook,3
send letters,2
send messenger,1
send paper,6
sending goons,1
sends strong,2
senegal jacobean,1
senior institute,3
senior managers,1
sense blood,1
sensitive user,4
sent subject,2
sent via,2
sepan demasiadas,1
separate rest,1
separatist leaders,2
serious problem,6
seriously detrimental,1
server comms,2
ses utilisateurs,2
set appear,3
set april,1
set question,9
set rules,4
set testify,1
set testimony,10
set trade,1
setting take,1
settings make,4
settings wake,2
settle stealing,3
several major,108
several years,1
shabby rose,1
shabby roses,1
shady data,4
shady firm,4
shame intentionally,1
share anonymized,106
share photos,2
shared also,1
shared cambridge,1
shared creator,1
shared outsiders,5
shared users,4
shared w,2
shareholder billion,1
shares data,2
shares oh,2
shares perception,1
sharing patient,2
sheds light,4
sheryl addressed,2
sheryl knew,2
sheryl sandberg,1
sheryl woman,1
shirred stripe,1
shit company,1
shit dude,2
shit makes,6
shit started,1
shocked british,2
shocked personal,1
shocker facebook,2
shop san,116
short committing,1
short friends,2
show improved,5
shown russian,1
shows cambridge,1
shut insider,1
shut part,1
shut pie,1
shy big,2
si temeroso,1
side change,2
side using,2
siendo la,1
siete puntos,2
sign keep,4
significant impact,2
significant number,2
signing plain,2
sigue siendo,1
silence would,2
silicon valley,1
silk damask,8
silk fabric,8
silk lampas,1
silk linen,1
silk loom,3
silk satin,1
silk stripes,1
silk taffeta,7
silk velvet,5
similar recent,1
since helped,36
since many,2
since watching,2
since work,2
single inbox,3
single media,34
sit king,1
site appeared,1
sith lord,2
situation proof,1
skillroads ways,2
skripal poisoning,2
slams apple,1
slap anyone,2
slap blame,1
slices humble,1
slime stole,1
snapchat users,4
sncf y,2
sobre la,1
sobre nuestra,2
sobre te,1
sobre todo,3
sobre y,2
social engineer,4
social growth,1
social increased,2
social media,24
social sites,1
socially retarded,1
sociedad nos,2
society good,1
sociopath commie,2
sold billion,2
sold countless,17
sold know,2
sold million,1
sold otherwise,1
sold us,2
solucionar los,2
somehow care,1
someone got,1
someone please,3
someone used,1
sometimes internet,1
soon facing,1
soon know,2
sophistication activity,3
sorbet silk,1
sorry ass,1
sort customer,1
sotto voce,1
sounds eerily,1
soy responsable,1
sparks controversy,1
spawn law,10
speak alleged,2
speak house,1
speaking guns,2
speaking social,2
special counsel,4
specifics strong,4
spent ads,1
spent million,2
spirit creepy,8
sponsoring propaganda,4
spread big,2
spread databases,2
spying private,2
staff working,2
stance genuine,1
stand even,2
stand mark,1
standards rest,3
standing whistle,2
stands moments,1
started bestfriend,1
starting like,4
starting may,20
starting think,1
startling amount,2
startling became,2
state implications,1
statements helped,6
stay follow,1
stayed long,1
steal intellectual,1
stealing making,2
stealing private,1
step ceo,1
step chairman,1
stepping chairman,2
stepping nobody,2
steve bannon,6
steve jobs,2
still best,2
still invest,4
still think,1
still try,2
still using,4
stitch strie,1
stock scandal,1
stock sold,1
stole concept,1
stole facebook,15
stole help,2
stolen credit,4
stone accurately,2
stood democracy,1
stop hear,1
stop robots,2
stop using,4
stops short,1
store unique,1
stories around,2
stories nations,12
story end,4
story explosive,10
story goes,2
story takes,2
stranger watch,1
strategy officer,4
streaming free,1
strie cut,1
strie silk,2
stripe silk,1
stripes damask,1
stripes fabric,1
stripes silk,2
stroheim romann,6
strong contractual,4
strong message,2
strong women,2
strongman advocate,6
strongman duterte,194
stunning carlota,2
stunning italian,1
stupid enough,1
style tigre,1
su centro,2
su columna,2
su de,2
su red,1
su robada,1
subject access,2
subject data,2
subject goes,1
submit egregious,1
subscriber indemnity,2
successful contracting,2
successful create,1
suddenly care,2
sue ass,1
sue bias,2
sujets de,2
summoned uk,1
support political,2
support teachers,2
support tech,1
supported model,2
supporters via,2
supports political,2
sur histoire,2
sur ses,2
sure evidence,2
sure hope,66
sure leave,1
sure owns,1
sure watch,4
suros provides,2
surprise along,4
surprise facebook,1
surprised always,1
surprised feel,2
surprised winklevoss,1
sus implicaciones,2
suspect end,2
suspended canadian,6
suspends firm,4
sustrajo es,2
suzhou chinoiserie,1
swear say,2
swigging pint,10
taffeta check,1
taffeta fabric,6
taj mahal,1
take ethics,1
take insights,2
take president,4
take release,1
take responsibility,1
take risk,2
take years,1
taken profiling,1
takes ongoing,2
taking advantage,4
taking responsibility,1
taking risks,1
talcie bargello,1
talk anniversary,2
talk benefiting,1
talk corruption,10
talk focused,2
talk things,5
talking politics,4
talking voter,2
talks fixes,1
tape maybe,2
tapestria persian,1
targeted ads,4
targeting around,2
tassels strie,1
taupe gold,1
te compartimos,1
teachers everywhere,2
team full,36
team lawyers,2
team provide,4
team united,1
tear walls,1
tech giants,2
tech idiots,1
tech time,2
tech world,1
techmeeting april,6
technologically traveling,1
technology internet,2
technology platform,1
tell congress,1
tell us,1
telling anyone,1
telling post,2
telling truth,1
telling women,1
tells suspended,6
tells truth,1
temeroso de,1
tempo stripes,1
terminaron en,2
terms data,1
terrible person,1
testifies senate,2
testify april,6
testify capitol,1
testify committee,1
testify congress,15
testify congressional,3
testify front,3
testify house,23
testify joint,2
testify later,1
testify matter,2
testify new,6
testify next,3
testify panel,2
testify parliamentary,2
testifying house,2
testimonio ante,1
testimony congress,10
testimony facebook,1
testimony first,1
testimony regarding,98
tests analyze,2
texas questions,14
text site,1
text unwitting,1
texts latest,3
texts without,1
textured damask,1
thank pointing,1
thank standing,2
thanking result,10
thanking steve,4
theresa hong,52
thing look,1
thing ridiculous,2
thing well,2
things keep,2
things lately,1
things like,2
things may,1
things might,5
things private,10
think follow,10
think going,1
think important,1
think life,1
think might,1
think nothing,2
think prediction,2
think putting,1
think untouchable,1
thinks maybe,1
thinks us,1
third party,29
though shopping,2
though stop,2
thought firm,2
thought nothing,2
thoughts prayers,2
thoughts urgent,2
thread relevant,2
throw anyone,1
throw prison,1
thru thru,2
thru various,2
thumbs crisis,1
tied w,1
tiene datos,4
tiene le,1
tiger silk,2
tigre tiger,2
tim commentary,2
tim cook,1
tim facebook,1
tim privacy,1
time facebook,3
time link,10
time occurred,1
time stop,2
time take,1
times even,6
times news,1
times saying,1
tips facebook,1
tips favourite,1
tips prepares,2
today disavows,1
today mark,1
today news,1
today recent,1
today shut,1
todo el,3
todos tiene,1
toile de,1
toile fabric,9
toile linen,1
told donald,1
told stand,2
toll hits,6
tom janssen,3
tomas suros,2
took full,1
took lot,2
tools difficult,1
top de,4
top exec,1
top facebook,1
top game,2
top new,1
top stories,2
top tips,1
tory govt,154
tory one,4
toscana floral,1
totes cool,2
touche millions,2
tough drug,2
tour via,1
toward leak,2
towards pee,2
tower server,334
trabajado para,12
traditional targeted,2
transparency political,2
tras de,2
tras el,4
traveled meet,2
treated much,2
tres resolver,1
tres semanas,2
trial sold,57
tricks foreign,18
tried get,334
tries tell,1
trigger people,2
troll farm,1
troll fight,2
trolls bots,8
tropez strie,1
tropical jacobean,1
trouble sends,2
troubles facebook,2
troves well,2
true corporate,1
truly wants,1
truly working,2
trump believe,4
trump gets,2
trump likely,2
trump obvious,2
trump thru,2
trump tower,334
trumpy ugly,2
trust good,2
trust offers,4
trust suddenly,2
trusting sheep,2
trusts repeatedly,2
truth illegally,1
truth yet,1
try get,2
trying deflect,40
trying force,1
tuesday evacuated,1
tuesday network,1
tuesday wednesday,2
tune hear,4
turning human,1
turns owns,2
turquoise via,1
tuvo acceso,1
tweets w,1
twins behind,1
twist blocked,1
twisted show,2
twitter much,5
two billion,3
two congressmen,9
two days,4
two intense,1
two million,14
two schmucks,1
two us,2
type move,1
u heard,2
ubica en,72
ugly little,2
ugly side,2
uk ico,2
uk information,28
uk lawmakers,1
uk parliament,96
uk political,1
ultimate measure,1
uma para,1
un caso,2
un hoy,3
un mundo,1
un nouveau,2
una en,2
uncomfortable removed,1
understand people,1
understand probably,1
une pour,3
union law,1
union trying,1
unique complex,1
universe consecrate,1
unknown tech,2
unlikely significant,2
unlock data,2
unos cuantos,1
unos millones,2
unprecedented criticism,1
untouchable karma,1
upcoming committee,40
update settings,4
updates terms,1
upholstery fabric,2
upsell services,1
ur private,1
urgent need,2
us away,2
us businessman,2
us congressional,2
us facebook,1
us followers,1
us hospitals,440
us ig,1
us news,1
us post,1
us promising,1
us signed,1
us twisted,2
us users,3
usa vs,48
usaron aplicaciones,4
use bing,1
use hybrid,2
use powerful,6
use religiously,1
used applauded,1
used associate,4
used custom,2
used facebook,1
used fund,14
used mine,2
used platform,1
used satellite,1
used started,1
user buy,1
user data,6
user information,2
user privacy,1
user whose,1
users abandoning,2
users affected,7
users already,18
users assume,1
users collected,5
users compromised,2
users enhancements,1
users info,2
users likely,3
users may,2
users miffed,4
users money,1
users need,1
users new,2
users outside,1
users platform,2
users profits,2
users soon,2
users targeted,1
users trust,2
users via,2
using company,1
using facebook,6
using many,1
using microphone,2
using personality,2
using power,2
using technology,2
usuarios cuyos,6
usuarios fueron,2
usuarios mexicanos,2
usuarios se,1
usuarios usaron,4
utilisateurs dans,2
utilizing algorithms,2
va pasar,1
va vad,2
valentina cut,1
value entire,4
values deletes,1
van der,2
various erik,2
vaya que,3
ve mi,2
velvet damask,1
velvet fabric,10
velvet silk,1
velvet upholstery,1
vendiendo ray,2
verified identities,6
via looks,2
via messenger,2
via weekly,1
victorian golf,2
video available,4
video camera,1
video interest,2
video nigel,4
video testimony,100
videos answer,1
videos proven,1
view area,1
view data,2
view go,1
vines silk,1
vio salpicada,2
violated america,1
violating valuable,2
virtually facebook,2
visual essay,1
vita rose,1
voce silk,1
voicemail doug,36
voices heard,2
von furstenberg,1
vote convince,2
vote convincing,2
vote really,2
vote whether,2
voter fraud,2
voter texas,14
vpn sometimes,1
vs ceo,1
vs en,2
vs eu,48
w brief,1
w jumped,2
w zuckerberg,1
wait mainstream,510
waiting catastrophe,1
wake cambridge,2
wake functionality,2
wake podcast,2
wake scandal,1
wake tomas,2
walden questions,1
walks like,2
walls separate,1
want info,6
want know,8
want read,14
want run,2
want see,1
want settle,3
want slap,2
want still,1
want zucc,1
wanted seems,50
wants either,1
wants good,1
wants help,1
wants run,2
war image,2
warned cambridge,15
warned facebook,1
warned privacy,2
warned third,28
warned zuck,4
warning leader,2
warning president,1
wars continue,2
washed wealth,1
washington facebook,1
watch facebook,2
watch game,1
watch going,1
watch insult,5
watch latest,1
watch luther,1
watch morning,2
watch streaming,1
watch video,4
watching even,2
watching know,1
watching literally,1
water outa,1
watershed moment,4
waves declaring,2
way campaign,4
way could,2
way true,1
way worse,1
ways fix,2
ways inspire,4
ways measure,1
wealth single,1
weaponizing meme,2
wear suits,1
wears socks,1
web hosting,1
wednesday private,2
wednesday two,2
week cambridge,2
week handling,4
week joint,3
week new,2
week put,4
welfare leaked,1
well known,44
well leave,1
well messages,8
well prepped,1
well read,2
well shut,1
well turns,2
went public,6
went russia,1
went sometimes,1
whats going,2
whether enforcing,2
whether vote,2
whilst running,2
whimsical chinoiserie,1
whistle blowers,2
white hat,1
white pink,1
white via,2
whole lot,2
whole situation,1
whole thing,2
whose priority,1
williams jefferson,4
win election,4
winklevoss twins,1
wipe whole,1
wiped old,12
wish growth,1
wish important,1
wish people,1
wishing business,1
without authorization,2
without consent,1
without mark,3
without telling,1
woman became,1
women need,1
women seem,2
wonder employers,1
wonder much,2
wont stop,1
woodruff asked,2
wool crewel,1
word almost,8
word get,4
work directly,2
work hard,1
work shop,116
worked google,1
working campaign,2
working towards,2
world detriment,1
world distancing,1
world via,3
worried selling,2
worse reported,1
worst college,1
worst critics,1
would act,1
would allow,1
would ask,1
would ever,1
would give,10
would good,1
would like,1
would made,2
would never,2
would proceeded,8
would rather,1
would upsell,1
writing fringe,2
writing letters,2
x prod,1
y bajo,2
y comercio,1
y de,2
y el,3
y escuchando,4
y mundial,2
y otras,1
y quienes,1
y reconoce,2
y se,70
y su,1
y sus,2
y un,2
y ve,2
ya hear,1
yard bolt,5
yards aqua,2
yards beige,3
yards black,2
yards blue,3
yards bronze,1
yards brown,1
yards burgundy,2
yards celadon,1
yards chiffon,1
yards colony,1
yards cranberry,1
yards cream,8
yards gold,5
yards indigo,2
yards iridescent,1
yards jade,1
yards mellow,1
yards multi,3
yards olive,1
yards purple,2
yards red,3
yards rose,1
yards ruby,1
yards sandstone,1
yards white,1
yards yellow,2
year blamed,1
year goes,1
years ago,8
years fb,1
years russian,1
years solve,1
yellow black,1
yellow multi,1
yellow via,1
yet australian,2
yet million,1
yglesias thinks,3
york boss,1
york pension,1
york times,10
yulia alleged,2
zuck bit,1
zuck data,4
zuck joseph,66
zuck pick,2
zuck right,4
zuckerberg admit,1
zuckerberg admits,1
zuckerberg afirma,1
zuckerberg also,2
zuckerberg announces,2
zuckerberg another,1
zuckerberg audience,2
zuckerberg believes,2
zuckerberg broke,1
zuckerberg congress,1
zuckerberg decided,1
zuckerberg face,1
zuckerberg facebook,9
zuckerberg fires,2
zuckerberg greatest,4
zuckerberg gtfo,1
zuckerberg hits,2
zuckerberg isolated,2
zuckerberg known,1
zuckerberg le,3
zuckerberg liar,1
zuckerberg long,2
zuckerberg mentions,1
zuckerberg names,1
zuckerberg offering,1
zuckerberg plans,1
zuckerberg power,3
zuckerberg protecting,1
zuckerberg quit,1
zuckerberg rejected,1
zuckerberg reluctant,3
zuckerberg renunciar,44
zuckerberg responds,2
zuckerberg reveals,1
zuckerberg russion,1
zuckerberg says,7
zuckerberg sees,1
zuckerberg slams,1
zuckerberg soon,1
zuckerberg speak,1
zuckerberg stance,1
zuckerberg stops,1
zuckerberg testify,12
zuckerberg tras,2
zuckerberg via,1
