title,intro
able,1
abril,13
abuse,24
abused,1
acanthus,1
accept,2
acceso,1
accessing,1
according,6
account,3
accounts,2
accurately,2
act,2
acting,1
action,3
actions,17
activities,3
actor,1
actual,6
ad,3
add,1
adecuada,1
admet,3
admit,1
admits,19
ads,1
adults,1
advantage,2
advertisements,1
advertisers,1
advise,2
aerial,1
affected,3
afirma,1
agsinst,1
ahora,2
aka,3
al,1
algunos,2
aligned,1
allen,1
allow,1
allowing,1
along,2
already,22
also,4
although,1
alum,1
always,2
ambos,2
america,2
american,1
amigos,1
amway,3
analytica,13
anniversary,2
announcement,3
anointed,1
another,78
answer,4
answers,1
ante,16
antes,1
antithetical,1
anyone,10
aparte,1
aplicaciones,1
apology,1
app,6
apparently,1
appear,1
appears,3
applauded,1
apple,7
apply,1
approached,1
aprender,1
april,25
aprile,1
aqua,5
arabesque,1
aragonese,1
ardent,1
area,1
armond,1
around,5
arrested,1
art,2
asegura,3
ask,7
asked,6
asking,1
aspnix,1
ass,3
asshole,1
associate,4
assume,1
assumed,1
attendee,2
attending,2
attention,6
audience,2
audiencia,2
aura,1
authorities,1
authority,1
aux,3
avisan,3
avoid,1
away,2
awesome,1
b,3
back,14
bad,6
bag,1
bail,1
baker,1
ballard,2
bans,5
bargello,1
baroque,1
base,2
baseball,1
based,1
bashes,1
basically,2
bbq,1
beacon,2
beaucoup,2
became,1
become,2
bee,1
beef,1
beginning,2
behind,1
beige,4
believe,2
bellesa,1
bench,1
benefiting,1
best,2
bestfriend,1
bet,1
better,1
bias,2
bidder,1
big,9
bigger,1
bill,1
billion,30
billionaire,1
bing,1
birds,2
bit,1
bitcoin,1
black,6
blame,1
blamed,1
blind,1
block,1
blockchain,1
blocked,1
blood,1
blow,3
blue,10
boa,1
board,3
boarded,2
body,1
bolt,5
border,1
boss,2
bot,1
bought,21
bounce,1
bouquets,2
bowl,1
boy,1
breaking,1
breech,6
breitbart,1
brief,1
bringing,1
british,2
brocade,5
broke,1
bronze,1
brother,5
brown,1
brunschwig,1
brushing,1
buffalo,1
built,4
bullies,1
bunch,3
burgundy,3
business,7
butterfly,2
buy,5
buying,2
buys,3
call,3
called,5
calling,7
calls,1
cambia,1
cambridge,50
came,1
camera,1
campaign,5
canadians,1
canadiens,2
canovas,2
capitol,1
capturing,1
card,1
care,3
careful,2
carlota,2
cartoon,6
case,2
caso,9
castello,1
castleton,1
cat,2
catastrophe,1
cause,1
cease,1
celadon,1
celebrates,1
ceo,59
chairman,4
challenges,1
champagne,1
change,3
changes,2
chaps,1
charge,2
charged,2
charges,1
chased,1
chats,3
check,4
chenille,1
chiffon,1
children,1
china,1
chinoiserie,5
chintz,1
choice,2
chose,2
choses,3
cia,2
claiming,1
clap,2
clarence,5
clarifying,1
class,20
classmate,15
clear,5
clearly,10
clients,1
closed,1
clue,1
coincide,2
collaborations,3
collaborative,1
collaborators,2
collected,5
collection,3
collects,1
college,1
colluded,1
collusion,1
colony,1
color,1
come,1
comercio,1
comes,55
coming,1
comittee,1
commentary,2
comments,3
commerce,4
commie,2
committee,20
common,2
communicators,1
communities,1
community,1
companies,4
company,8
compared,1
compartimos,1
compensated,2
complete,1
comply,1
comptroller,1
con,2
concept,1
concerning,2
condemn,1
conditions,4
conference,2
confidence,2
congreso,15
congress,19
congressional,8
congressmen,9
connect,1
consecrate,1
consent,1
consider,1
constantly,1
consult,2
consumer,2
contact,3
contain,1
contemplating,4
content,1
contents,4
contest,1
continue,2
continues,1
contra,2
contributions,4
controlled,1
controversia,3
controversial,1
controversy,1
convincing,1
coo,1
cook,1
cool,2
cooperating,2
copy,6
coral,1
corporate,1
correr,1
corrige,2
corrupt,1
corruption,1
cosas,2
cost,5
could,17
countless,17
country,2
course,7
couture,3
cover,10
coward,6
cox,1
cranberry,1
cream,13
creamish,1
create,6
creation,1
creative,1
creator,3
credibility,1
crewel,1
criminal,3
crimson,2
crisis,2
critical,3
criticism,4
criticizes,1
crooks,1
croyait,2
crush,1
crying,1
crypto,1
cuando,1
cuantos,1
cuenta,3
cuentas,4
cults,1
custom,1
customer,1
customers,2
customized,1
cut,4
cuz,1
dam,1
damask,15
damn,4
data,38
date,10
datos,7
day,1
days,1
de,127
deactivate,72
dead,1
deafening,2
dear,7
debaten,1
decided,1
decision,1
declaraciones,2
deco,3
deep,1
defended,1
defensive,4
defiant,1
definition,1
definitivamente,3
deflect,40
del,2
delete,3
deleted,2
demand,2
demands,1
demasiadas,1
democracy,1
denied,2
denying,1
depicts,2
deputy,1
des,2
descriptions,1
designer,4
despise,1
detriment,1
detrimental,1
devastated,1
develop,1
device,1
diamonds,2
diamonte,1
diane,1
die,1
difference,1
different,1
difficult,1
dig,1
dijo,2
dimitir,1
dirigir,1
disassociating,1
disavows,1
discover,2
discussed,1
dismisses,1
disney,1
distancing,1
distinction,1
disturbing,3
donald,1
dont,2
downloaded,1
drapery,1
drapes,2
drawing,2
drinks,4
drop,2
due,2
dumb,3
dump,1
e,1
earnings,1
easier,1
easter,1
eat,1
eerily,1
effers,1
egregious,1
either,2
ejecutivo,2
el,66
elected,1
elections,1
element,1
eliminando,1
elitist,1
else,4
email,2
embroidered,11
empire,1
employees,1
employers,1
emprendedor,1
empresa,2
en,14
ending,1
energy,5
enfoque,2
engender,2
enhancements,1
enough,5
ensure,1
entender,2
entirely,2
entonces,1
entre,1
es,2
escorted,2
esperar,1
essay,1
est,2
esta,1
establish,2
estrategia,1
ethics,1
eu,14
european,1
evacuated,1
even,1
ever,5
every,2
everyone,11
everything,1
evidence,1
exact,2
exactly,2
example,1
exclude,1
exec,1
executive,1
exhibit,1
exist,3
explained,1
explains,3
explosion,1
exposed,7
extend,1
f,5
fabric,59
face,5
facebook,300
faced,2
facing,2
failure,1
fait,3
fake,2
fall,2
fallar,1
falling,1
falls,1
falta,4
famous,1
farm,1
farms,1
fast,2
favourite,1
fb,9
feature,4
feed,1
feel,4
fellow,3
fern,1
festino,4
ffs,1
fight,4
filed,20
fils,1
financially,1
find,4
fir,1
fire,2
fired,3
fires,5
first,1
fix,3
fixes,1
flame,1
flamestitch,1
flaw,15
fleur,1
floral,1
flutter,7
fly,1
folks,4
follow,5
followers,1
following,1
food,5
force,1
forced,1
form,1
fotos,3
found,4
founder,1
foxxes,5
fragonard,1
frat,1
fraud,2
free,3
freedom,1
freely,1
french,5
fretworks,1
friend,1
friends,3
front,3
fruit,1
fuck,2
fucked,1
fucking,1
fue,1
fuga,1
full,3
fullest,2
fundador,12
funny,2
furstenberg,1
future,2
g,3
gainesboro,1
game,1
garantiza,1
gary,3
gates,1
gdpr,2
geek,1
geisha,1
generado,2
generate,2
generated,1
generations,1
gennesse,1
geometric,2
get,11
getting,2
give,8
giveaway,1
given,1
gives,5
givin,1
glib,2
globally,2
go,2
god,1
goddesses,1
goes,2
going,4
gold,20
golden,1
golf,2
good,6
google,1
goons,1
goose,1
got,5
gotten,1
governments,1
granddaughter,1
grandfather,1
graphics,1
great,6
greed,2
green,4
grey,1
grilling,1
grospoint,1
ground,1
grown,1
growth,3
grrr,1
gtfo,1
guerra,2
guess,1
guilty,1
guinevere,4
guy,1
h,1
ha,3
haber,1
habit,1
habits,1
hace,3
hacker,1
hackers,4
handling,4
hangs,2
happening,2
happens,1
hard,2
hardest,3
harlequin,1
harvard,15
harvest,1
hat,1
hate,1
haunts,1
hawaii,3
hawaiians,3
health,1
healthy,2
hear,4
heard,3
hearing,2
heather,1
hecho,2
hell,1
help,2
helping,2
hero,17
hey,12
high,3
higher,1
hill,3
hillary,1
hippa,6
history,1
hit,1
hits,5
honey,1
hoodie,1
hopefully,1
hora,1
hosting,1
hot,1
house,34
houses,5
hoy,3
huge,1
huh,4
human,2
humble,1
hypocrite,1
icon,1
id,1
idea,3
ideal,2
identical,3
idiot,1
idiots,1
ig,1
ignore,2
illegally,1
illustrates,1
illustration,1
image,6
images,3
imagine,3
imho,2
implications,1
important,7
impose,1
improved,5
including,1
indemnity,2
independent,1
indigo,2
info,4
information,21
infrastructure,3
injured,1
insider,2
inspire,4
instagram,2
institute,3
insult,5
intellectual,1
intended,1
intense,1
intentionally,1
interest,2
interested,4
interesting,5
interfering,1
internet,2
interview,6
invaded,3
invasion,1
investors,5
ir,1
iridescent,2
irony,1
isolated,1
issues,6
italian,4
ivory,1
iz,1
j,3
jacobean,3
jade,1
jakara,1
james,6
janssen,3
java,2
jefe,1
jeff,1
jerusha,2
jesus,5
jewel,1
job,2
jobs,2
jofa,20
joining,1
joins,2
journalism,1
jouy,1
juggernaut,1
karma,2
keep,4
khaki,1
kids,1
kill,2
killed,2
king,2
kipling,1
knew,4
know,12
knows,6
kravet,13
la,30
labels,1
lampas,3
land,3
lanterns,1
las,3
last,3
lately,1
later,1
latest,8
launch,1
lauren,1
law,1
lawmaker,1
lawsuits,3
lawyers,2
le,10
leader,2
leaders,6
leads,4
leak,1
leaked,3
least,10
leave,4
leaves,1
lee,20
left,79
legal,1
leigh,1
let,2
lets,1
letter,1
liar,1
liderada,2
life,8
like,34
likely,1
likewise,1
limbaugh,1
linen,6
linked,2
links,27
lis,1
list,1
literally,1
little,2
live,9
lives,1
living,6
lizardberg,2
llovido,3
lo,1
lock,3
long,9
longer,1
look,7
looking,3
looks,6
loom,3
lord,2
los,3
loses,1
lost,2
lot,13
lots,1
lotus,2
love,2
luego,2
luther,1
lying,1
machines,17
macho,1
mad,2
made,9
magazine,2
magnolia,1
mahal,1
main,1
major,1
make,6
makes,91
making,5
man,2
managers,1
mantra,1
manuel,2
many,22
march,1
marginal,5
marine,2
mark,73
markzuckerberg,1
marrakech,1
massive,12
matter,2
matthew,3
may,6
maybe,1
means,1
measure,2
meat,1
medallion,2
medallions,3
media,8
meesed,2
meet,1
mellow,1
memo,4
memories,1
menos,1
mention,2
mentions,1
message,1
messenger,5
metacrawler,1
mexico,1
mfa,1
mi,4
microsoft,1
might,14
mil,1
miles,1
million,11
millones,8
mind,4
mining,1
mint,1
mistake,2
mistrust,1
mny,1
model,3
modelo,2
models,4
moments,1
money,2
monkeys,1
monsters,1
month,1
months,17
morning,4
moroccan,1
morpheus,1
mother,2
mouth,1
move,3
moves,2
movie,1
msm,1
much,13
mulberry,1
multi,18
multiple,1
mundo,4
murano,1
muslims,2
must,3
mythological,1
nada,1
name,1
names,5
napoleon,1
nasty,2
nation,2
nationwide,17
native,3
near,5
neck,1
need,18
needed,2
needs,5
negocios,2
neighboring,2
neoclassical,5
never,4
new,20
news,4
next,15
nice,2
nigerian,3
nobody,3
north,1
note,3
notice,1
noticias,2
nouveau,1
nuestras,1
number,1
ny,1
nyc,1
nympheus,1
o,4
obama,2
occurred,1
offer,2
oh,1
ok,1
old,3
older,1
olive,1
omber,1
omg,1
one,4
ongoing,2
online,1
onyx,1
opal,2
open,1
operatives,1
opinion,1
oriental,1
ornate,1
otherwise,1
otras,1
outa,1
outraged,1
outside,2
outsiders,6
overage,1
oversight,7
oversupply,1
owes,1
owns,1
p,1
page,1
pages,1
pagodas,1
panel,25
panels,1
panther,1
panties,1
paper,6
para,5
paragraph,1
paraphrase,2
parliamentary,2
part,1
parte,2
participate,1
pasando,2
pasar,1
pasari,1
passion,1
past,1
pay,3
paying,2
peach,1
pencil,1
pension,1
people,19
pepper,1
perceived,1
perception,1
perfect,1
persian,3
persimmons,1
person,5
persona,1
personal,26
personnelles,2
pese,1
petition,1
pharmaceutical,1
phone,1
photographer,1
photos,1
phrases,1
pictorial,1
pictures,22
picue,1
pie,2
piece,1
piensa,1
pierda,1
pink,5
pissing,1
placed,1
plan,1
plans,3
plastering,1
platform,8
platforms,1
player,2
playing,1
plays,1
please,6
plus,2
podcast,3
point,3
pointing,1
police,1
policy,1
political,1
pompeiin,1
poop,1
poor,3
por,22
pos,1
position,4
post,6
postee,3
pour,3
ppl,2
pr,1
practical,2
practices,1
precious,1
precisaron,2
predatory,2
prejudicial,1
prepares,2
prepped,1
president,7
presidente,1
pressing,1
pretty,2
prevent,12
previo,2
prices,1
pricy,1
primavera,1
primer,1
princes,3
princess,1
priorities,1
prison,1
privacidad,5
privacy,30
private,10
probably,1
probaste,1
problem,6
problemas,1
process,1
prod,1
product,5
products,1
profiling,1
profits,1
program,4
promising,1
proof,1
propaganda,17
property,1
proposed,1
proposes,79
protect,2
prove,2
proven,1
provide,2
proving,2
public,5
puede,1
puke,1
puma,1
punchable,1
punish,1
puntos,2
purple,2
purposes,2
put,2
putting,2
q,2
que,33
question,9
questions,4
quienes,1
quiero,1
quit,9
quiz,1
raises,1
ralph,1
rather,6
ray,2
re,1
reaction,1
read,1
reading,4
reads,3
reagan,1
real,6
realise,2
realizadas,2
realize,59
really,7
reason,72
reasons,1
receiving,1
recent,4
recently,2
recommended,2
reconoce,4
recording,1
red,11
reflects,1
refused,2
refusing,2
regulate,1
regulation,3
regulations,3
rejects,1
related,2
release,1
relevant,1
religiously,1
relinquish,1
reluctant,3
remark,1
remember,1
reminds,2
removed,3
removes,1
renee,1
report,1
reporta,3
reported,1
reporting,17
representative,1
request,1
requests,1
requires,6
resign,6
resolver,2
resort,1
responde,2
responds,2
responsable,1
response,2
responsibility,1
responsibilty,1
responsible,1
results,1
retarded,1
retro,1
reveals,5
revenue,2
rewrites,1
ridiculous,2
right,8
rights,1
risk,2
risks,1
rituals,1
robada,1
robert,5
rock,6
role,4
rolling,2
romann,6
romantic,1
romantique,1
rose,8
roses,1
rousseau,1
rt,477
ruby,1
rule,79
rules,1
run,3
running,1
runs,1
rushed,1
russia,1
russian,2
russion,1
sabe,2
said,8
salpicada,2
san,1
sandberg,1
sandstone,1
sapphire,1
satellite,1
satin,1
save,1
saved,1
saw,1
say,11
saying,4
says,49
sayz,1
scalamandre,8
scammed,1
scandal,3
scandale,5
scandals,1
scans,22
scared,3
schmucks,1
scott,3
screw,2
se,6
second,17
sector,2
security,1
see,6
seeing,1
seem,3
seems,1
seen,4
sees,1
sell,1
selling,5
sells,3
senate,2
senator,1
send,21
sending,1
senegal,1
senior,4
sense,1
sensitive,4
sepan,1
serious,5
seriously,1
services,1
set,22
settle,3
several,1
shabby,2
shame,1
shared,8
shareholder,4
shares,2
shark,1
sheep,2
sheryl,2
shirred,1
shit,3
shocked,3
short,2
show,5
shown,1
shows,1
shut,3
si,1
siendo,1
siete,2
signed,1
sigue,1
silence,2
silk,35
similar,1
single,1
sit,1
sites,1
sith,2
situation,1
skillroads,2
slams,1
slap,5
slices,1
slime,1
sobre,6
social,15
socially,1
society,1
sociopath,2
socks,1
sold,75
solucionar,2
solve,1
somehow,1
someone,5
sometimes,2
sorbet,1
sorry,1
sort,1
sotto,1
sounds,1
source,1
soy,1
sparks,1
speaks,1
spent,3
spirit,1
spying,2
stands,1
started,4
starting,5
state,2
stay,1
stayed,1
steal,1
stealing,4
step,11
stepping,4
steve,2
still,7
stitch,1
stock,11
stole,16
stone,2
stood,1
stop,1
stories,2
story,2
stranger,1
streaming,1
strie,3
stripe,1
stripes,4
stroheim,6
strong,1
study,2
stuff,1
stunning,3
stupid,1
style,1
su,2
subject,1
submit,1
subscriber,2
successful,1
sucks,1
sudden,1
sue,3
suits,1
supercookies,1
support,1
supported,2
supposedly,1
sur,5
sure,3
surprised,4
suspected,1
suzhou,1
swear,2
taffeta,7
taj,1
take,10
taken,1
takes,2
taking,3
talcie,1
talk,8
talks,1
tapestria,1
targeted,2
tassels,1
taupe,1
te,1
team,3
tech,4
technologically,1
technology,4
tell,2
telling,2
tells,1
temeroso,1
tempo,1
tension,1
terms,2
terrible,1
testifies,2
testify,51
testifying,2
testimonio,1
testimony,12
text,2
texts,3
textured,1
thank,1
thanks,1
themes,1
thing,3
things,9
think,4
thinks,5
thoroughly,1
thoughts,1
thousands,2
throw,1
thumbs,1
tied,1
tiene,1
tiger,2
tigre,2
tim,6
time,6
times,2
tips,4
today,5
todo,3
todos,1
toile,11
told,1
tom,3
took,1
tools,1
top,6
topic,1
toscana,1
totally,1
totes,2
tour,1
trade,1
trading,1
traditional,2
tras,2
traveling,1
tres,1
trial,53
trickle,1
tries,1
troll,3
trolls,1
tropez,1
tropical,1
troubles,2
true,1
truly,1
trump,1
trumpy,2
trust,2
trusting,2
truth,2
try,1
trying,40
tuesday,1
turning,1
turquoise,1
tuvo,1
tweets,1
twins,1
twist,1
twitter,6
two,13
type,1
ugly,2
ultimate,1
uma,1
un,4
uncomfortable,1
understand,2
une,3
united,1
universe,1
unos,3
unprecedented,1
untouchable,1
updates,1
upholstery,2
uproar,1
upsell,1
ur,73
us,12
usa,1
usd,2
use,2
used,7
user,5
users,29
using,8
usuarios,2
va,1
valentina,1
vaya,3
velvet,13
vendiendo,2
version,1
versus,1
via,45
victorian,2
video,3
videos,2
view,7
vines,1
vio,2
violated,1
violent,5
visual,1
vita,1
voce,1
voices,2
von,1
vpn,1
vs,4
w,3
wait,1
waiting,1
wakkaburger,1
walks,2
want,10
wants,3
warned,18
warning,3
wars,2
washed,1
washington,1
watch,14
watching,2
water,1
way,8
ways,5
wealth,1
wear,1
wears,1
web,1
wednesday,1
week,9
weekly,1
welfare,1
well,3
went,2
whimsical,1
white,4
whole,1
winklevoss,1
wins,1
wipe,1
wish,3
without,5
woman,1
women,1
wonder,7
wont,1
wool,1
word,5
work,1
worked,1
world,5
worse,1
worst,1
would,13
wtf,1
x,1
y,9
ya,1
yard,5
yards,51
year,2
years,2
yellow,3
yes,3
yet,1
yglesias,3
york,2
zucc,1
zuck,5
zuckerberg,56
